bgc,nams,aa,dataset,taxon,class,acc,natural_product,pmid,doi,orf_name,part_of_biosynthesis,experimental_evidence,biochemically_characterized,to_include,comments
BGC0001191,BGC0001191|c1|14429-15163|+|AKC92641.1|putative_O-methyltransferase|AKC92641.1,MVHPAPREVEDLPAVSENLMTAQDRRRILLREIDLVIDGGANVGQYARWLRHCGYGGEIVSFEPASETFEVLSEAARSDDGWRCRNVALGPEDGEVRLHLTRTSLGSSVFRRTALHSQLWPRDVEAGSEVVPVRSLRSLWSELGCGNRRVYLKLDVEGAELSVLEGTGEFLDQITLVEVELPLIGMHHDTPTFLDVLNFLTARGFSTVALEQNHRGDETTGQMLIVDGIFRSRAAGLRDARPDR,mibig,Amycolatopsis sp. SANK 60206,Other:unknown,AKC92641.1,A-102395,25855790,10.1074/jbc.M115.646414,cpr29,3′-O-methyl group,bioinformatics only,no,yes,nucleoside antibiotics
BGC0000021,BGC0000021|c1|18667-19452|+|AEP40919.1|O-methyltransferase|AEP40919.1,MTTGQSLSPAEFTLPDGRVIFCTNERNAELIWHEMSTSVYLREQEKLPDDATIIDVGAHFGLFSLHTASGLANARVLACEPASATFDCLYRNFAAHLPGGTALRTAVADRSGTVELTYYPANETIATIEVDEEDDQRNISAVFANVGADPAQSEAYCSELRRAAERYPVPVTTIAQLFADHDLDTVDLLKIDVERAELAVLRGIGEANWPRIRTVSVEVHDLDGRLNEVVSLLSAKGYRTEQLQQDLYKGSSVHIVRAHRP,mibig,Nocardiopsis sp. FU 40,Polyketide:unknown,AEP40919.1,apoptolidin,21869849,10.1016/j.tet.2011.05.106,apoM3,ApoM3 is a likely candidate for methylation of the C17 hydroxyl group,bioinformatics only,no,yes,NA
BGC0000147,BGC0000147|c1|10080-12671|-|AAK19884.1|putative_methoxymalonyl-CoA_synthase|AAK19884.1,MTTALHETNGSPQPNSLQISEPLRLALVAEGSSAELTASMDGLTRTLAAAPGSDVVIRVQTPGARPASHRGTLLLDAATKTVVARETAAGAMTPPAVAFLLPGLGDHYLGMARDLYNALPIFREQVDRCAALLTPELGVDIRTVMHAKARASAAAPGAELDLRRMLGRRGEGPSEEERRLNQARHAQPALFVVEYALAEQWRAWGVLPDVMLGYSLGEYVAACLAGVLSLEDSLALVARRAELIESLPAGAMLAVMLSEEELTPQLGAHLSVSAVNGPDFCVVAGPVEEVQRLEARLLDRRVTLRRVQSSHAFHSRMMEPIAERVTRIVAGFTRRPPRTPYVSNVTGALITAAEATDPAYWAIHLCRPVRFADGLRALGSEVLLEVGPGQTLSSLATLARKGAGAPSSGGSSTPARTIVASMRHAYESESDVSVLLKAVGRLWLSGAAIEGEQPATSAEPAAPADAEAGRGSMAPVVEEISPPAEPEAPLTDTEREVAALWQTLLRCEPPTRDANFFRLGGNSLLATRLIDRVSRSLRVKLPLRRVYQTSTLADMAAAIDGLRGAGARPGAATQGRAAPVTTSAPTAAARPAAAAPDAPRAPLFRLPNGLSVAHQNEAETRHFYDDIFAHRSYVKHGIRIRDGACVLDVGGNIGLFTLFAHTEAKDVRVFTFEPAPPLFEILSRNVALHGVRATLFNLGLSDRERDAPFTFYPRSAGMSSFYPDEAEERHNLKAIMDNQRRGGAAEVAQMDGYTEELLDVRFEAVTFTAKLRRLSDVLREQRIERVDLMKIDVQKCELEVIEGIDDADWPKFSQIVLEAHDADGRVAKLSSLFERHGFKVIAEQDELYVGTNIRNIYALREGV,mibig,Sorangium cellulosum,Polyketide:unknown,AAK19884.1,soraphens,12039053,10.1016/s0378-1119(02)00396-7,sorC,transferring a methyl group from a methyl donor to the hydroxyl oxygen of hydroxymalonyl-ACPSorC to produce methoxymalonyl-ACPSorC,bioinformatics only,no,yes,bioinformatics only
BGC0001373,BGC0001373|c1|30572-31351|-|BAV32148.1|methyltransferase|BAV32148.1,MAVTNTPELIEADRLSYYAISKIEAQFIYKEIFTDHCYDIANLPSNPFIVDAGANIGLFSLYMKRKYPQAKILAFEPAPVCYDVLSRNLALNDALSGVKALQCGLSSSAGTLPLTYFPNLPGNSTLVPEEKNKLYEEAVRKRGKETADERFGGAVKVDVELKRLSDVLREYYPDGKPDQGLERIDLLKVDVEGAELEVLKGVDEEHWELVRNVVVETWEPSGIRPQIEALLEDKGFDITRDRAEWAPDQFSMITARRQD,mibig,Sordaria araneosa,Polyketide:unknown,BAV32148.1,sordarin,27072286,10.1038/ja.2016.40,sdnD,O-methylation of 4'-O-demethylsordarin,bioinformatics only,no,yes,bioinformatics only
BGC0001451,BGC0001451|c1|1621-11031|-|BCRE_RS14165|non-ribosomal_peptide_synthetase|WP_050383082.1,MDRKKIETTYPLSPLQKGFLFHAGYDLAHADNYIAQLFLDFDGEVDAGLMRAAADTLIRRHANLRAGFVHPGGREPVQVILREVAACWKEHDWRTEPLVRAAELQSAWHAEDRQRRFDLSQPPLLRFGWLRLPEERTQLVLTYHHILLDGWSLPLVLEELLTLYRTQGDALSLPKTTPYSTYLGWLQGRDRASAQQAWGDYLSGLEGPTLLARRSASEDQTQSKSSLTLPIELTQALNQQARQQGVTLNTLLQAAWGILLGKLSSSRDVVFGITVAGRPGELPGVERMIGLFINTVPLRLRWRAGETVVELLERLQREQARLLEYQYLDLAEIQRLAGQRQLFDTLCVFENYPVNAKAIVQQDEGFGLRHISGGDRYMTHYPLSVMIEPGERMTLNLIYRPASFDAAKRLGAQLIRLLEAIATVPQSPIDTLPWLDKSERRQLLEEWSGKALDSGEITLAELFEAQATRQPNAVALEGPDGCVSYGELDARANRLASHLQSLGVGPDVVVGVCLERSIDMVVAILGIAKAGAAYLPLAPDYPTERLAYMLTDSMAPVLLTESKQVERLPSYWGHLVELDRLDLSWQASSAPARALRPDHLAYVIYTSGSTGQPKGVAVSHAGLAGLVKSQEERFAVAGPVRVLQFASLSFDAAVMEILMAFCSGGRLVLPAAGPLLGEQLEKTLNRYAISHALIAPSALETVEAEVVPGLSTLVVGGETCSGATAASWSQGRRMVNAYGPTEVTVCVTMSKPLSGSDKPKLGRPTLGAKLYVLDSTLQPVPVGVAGELYIAGRGLARGYYQRPGLTAERFVANPYGKGERLYRSGDLARWSGEGELEYLGRVDQQLKIRGFRIEPGEIETVLCQHPQVREAVVVSRTNGRDTQLVGYVTVRGEVDGQALRRQVANWLPEYMVPAVVLVLEELPRLPNGKLNHQALPAPEYTGKRYQRPRNAQEEILCGLFAEVLEVDSVGIDDSFFDLGGHSLLATRLISRIRATMNIEPSIRDLFDMPTSAELALRLSTKPTAVRQPLLPQERPKRLPLSHAQQRLWFLHRFEGPSSTYNIPLAFKLQGSLDVEALRRALEDVVVRHESLRTIFVESEGIPEQKILAPDEACLALQLIDTNEETGLDMALREASDYHFDLSREIPLRCTLFRQESQVWTLLLLIHHIAGDGGSLLPLGRDLATAYAARRKGLDPAWAPLPVQYADYTLWQRQLLGSEGDPDSLISTQFAYWKQNLAGAQEQLTLPTDHPRPAVASYRGHYLPFQLEAELHSDLRRLARTNDTTLSMLLQAALAALFTRLGVGNDIPLGCGIAGRTDEALGDLVGFFVNTWILRADTSGDPDFVTLLGRVREQALAAYAHQDAPFERLVELINPVRSSAHHPLFQVNLTLQNNALPEFRLDGMQVSLHRIVSDIAKFDLFFNLYETFDQDGRALGLQGAVEYACDLYERATVQRFIYHFVRLLREVVAAPTAAISALDLSDEAVASSPGALDLSASITVDDTIIGRFAEQVRRAPDATVLTYRGETLTCAELNARANRLARCLIADGAGPEELIAVALPRSIDMVVSLLAILKTGAAYLPMDPAYPLERLSFMLTDAKPRLLLANMETIRQVAEVSRVSTLALDCPELAQTLTRTDDSNPLVPRPLRSDNAAYLIYTSGSTGAPKGVLIPHSNVLRLLDKTAHWFDFGPKDVWTLFHSYAFDFSVWEIWGALLTSGRLVVVPQTVSLAPDEFLTLLEYEKVTILNQTPSAFYALMQAERHHGSNGGASLSLRRIIFGGEALDLSALQPWYQRHGDETTQLVNMYGITETTVHVSYQPLDSGMCGSRCNSLIGIGIPDLHLFLLDACLQPVPVGGIGELYVGGAGLARGYHNRASLTAERFVANPFASSKRMYRTGDLARRNVNDIFEYHGRADQQVKVRGFRIELGEIETVLRQHPGVEDARVVVQTLHDNDCRLVAYLQPSERTAAPLRRWLKVRRDAEAQGARAFELPNGMPIFHHNTMETEFLYEEIFEDLVYFKHGIRLDDGACVFDVGANIGLFMLFVGQHCRNATIFAFEPIPPVFRTLTLNAEVHGDKVRLFDCGLSDAVRQERFTFYPNDTLISTSRNSPEAIRGMVKSFLINQHGNHSGDDAEVGELLDERLASQDYMCVLRTLSDVITEHNVDRIDLLKIDVENAEYNVLQGIVESDWPKIRQLVMEVHDVDGRLRRIVDLLLHRGYRVIHEQDRLLRDTAIHCLYAVHVSRDAEMRPGHHAENTSLFWNCRADLLRDVRANLRKRLPDYMQPNHMVLLDTFPLTPNGKLDRRALPAPEQAAMRVRDIEPAEIEAALCRHPLVSQAVVIAREDAPGHKQLVGYVVLDDAAALQRDTEDETRQVQAWRQVYDTLYEAHCQQPFGENFGGWNSSYDGQPLPLEEMRAWRQATVERIRELQPRRVLEIGVGSGLLLAPLAPECEAYWGTDLSPTTIAVLERQLSEQTFGDRVRLFALGAHELSKLPEGNFDVIVINSVLQYFPNAAYLTEVIKQSLERLSPGGALYLGDVRNLALLDVFATAVDLCQVGTETDAASLRRRVEQRLLAEKELLVSPAFFSRLRETLPQIGAVDIRLKRGEAVNELSRYRYEAVLYKEPCEAVSLSEVETQTWSDVGNMSACRTRLMQYAPMWRIEGIPNARLHGEVLVTRRLKSEDGLASWRRWLDESGGVEPEDLYRLGAELGYRVVLTWSNQPDHFDAVFLPEQQRGALDAVYRTPPVLKPLSGYVNNPANFEQFAAIRRYVGEQLPDYMVPAALVLLEGLPLTPNGKLDRRALPAPEFGTACYRAPGSEQEKVLAQLFAEVLGLPQVGVNDSFFDLGGHSLLATRLISRVRSLFHIDLPIRTLFESPTVARLARYIDDGAIDLDSFEVLLPIKPDGKRAPLFCIHPGGCLSWTYVGLVRYLDAEQPIYGLQARGIDGKSQVATSIEGMASDYVEQIRRIQPKGPYYLLGWSLGGNIAQEMAVLLERQNHDVGLLILLDSGPSPMHKNDEMIEYPLFTKEFRKTFKFHVSESKMRAIFEVSKHHIELIKQSTTPVSRGRALLFRATVPYDENTPLLSPHAWNDYVKGEIEIRDIHCQHAHMNHVEFMAQMGEVIETKLAELHARATRY,mibig,Candidatus Burkholderia crenata,NRP:unknown,BCRE_RS14165,FR900359,29194875,10.1002/anie.201707996,frsG,"N,O-dimethylthreonine",final np structure,no,yes,"bioinformatics only, unclear whether N or O-methylation occurs by which MT domain, the other is a Methyltransf_12 shown to have N-methyltransferase activity"
BGC0000970,BGC0000970|c1|31894-37500|+|CAQ43079.1|polyketide_synthase|CAQ43079.1,MTNDPLLQLIQKLTPEKRALLGGLLQPGPEPIAIIGMGCRFPGGADTPEALWDLLRDGRDAITDLPADRVPETSGEPRPTEGAPGSYRGGYLERIDGFDADFFGIVPLEAKRMDPQQRLLLEVSWEALESAGQRPDRLAGSATGVFVGIGANEYMFLQLDQRDPASIGDAFLCTGNASSIAAGRISHRLDLRGPSLSVDTACSSSLVAVHLACQSLRQRECTMAIAGGVSLVVSPLSTLIASKLMAMAPDGRCKAFAAGADGFVRGEGCGIVVLKRLSDALAAGDTIHAVIRGTVVNQDGRSSSLTAPNGLAQEALLRKALEVAGVQPADVGFVEAHGTGTALGDPIEVQALGAVLSEGRPLDRPVLVGSIKANLGHLETAAGVASLMKAVLCLKHGEVPPQIHVEEKNPHIPWDELPVTLPGVLTPWQASEGKARIAGVSSFGFSGTNAHVILEEAPATTASTAVRASQLLALSAHTPSALERVTDRLADHLEQHADQHIADIASTHVLGRAALPYRRTLVCNDRQDALTALRARDPRRVLTSAQPASDTPVVFLFPGLGEQYVDMARALYDAEPRFRARIDACATLLEPHIGLDLRSELYPASSASTPAAQPSGIDLRRMLLGGAGGKDAPSSAIDRTFLAQPAIFSVEYALASLLMDWGVKPREMIGYSIGEYTAACIAGVLPLEDAATLVGRRARLIEGLPQGAMLAVPLPRAEALPLLGSDLSLSGSNAPTMSVIAGPIDGIQRLEEQLTERNITFRRLRTTHAFHSTMMAPLREQFIEMVRGFRLSAPRIPYLSNVTGTWITPAQAVDPDYWVAHLCQEVRFADGLTELSRKGRRILLEVGPGQTLGSFALQQTQEGAVPPITLPTLRSAYDRQPDVAFLQRTLGRLWQAGGSIDWEAYHEGLRRRSVSLPTYPFERRRHWSELSRSTPAALSLPATTAPNEKRPLDDWFYVPSWKRSLLPTRGQHDASTNSVLIFADARLAPPLAARLHALDGKVTLVSPGAEYSRTESGHYTIDPRSSAQHHSLFSDLRARNALPTAIVHLWMTDPEAVSPGAAPSESALALGFYSPLFIAQALADLAPTAPVHLMLVSTHLQAVRGDEAVRPERAVLLGPCKVIPQEHRTVRCTSVDLDIDAHAAGSATTQLDQLVAELRTDVRDAIVAYRGPHRWVQTLDPVQLSPSTGTPSRLRQQGTYLITGGMGGVGLAIATYLARTVKARLALVGRSPLPAREQWNDWLATHDSTDATSQKLQAIREIEALGGEVLPLIADVTHAEQVKSALEQSIARFGALHGIVHAAGDFGGNLIVRKSPEETTRIIAPKVHGLLHLDHALAGRQLDLFISCSSLTGVVGGPGQVDYVAANAFLDAFAHSRSGRPTATLSLNWDDWKDVGAAFKIGGPRDFAAWREEHYQTAMTTAEGIEVLKRALAHDLPQVIVSTRLLGPRMEELGRMTHAEDLEQFGQRFRTARPRPALGTTYVAPRTPMERRLTEIWQDLLGVDPVGIHDDFADLGGHSLIATQLVSRLREAYRLDIPLRRVFESPTISDLAQLIESLLVARIQELSPAEVAQHLGPKPAAAGEVTTPPRPDQAASPPAAPRPLARRYTLPNGLEIHHLGKAETDHFYDDIFVKRVYYKNGIQLAPSATVFDVGANIGLFTLFVGQVCPTARVFSFEPAPPVFEILRNNATRHQVNATLINTGVSNRSRTAELTFYPSSSGMSSFYANLQEEQEVFRAILHNQQRADKTGMESVMEHLEELIEERFKSETFSCHLRPLSDVIREHGVERIDLLKVDVQKSELDVLEGIDPADWPRIQQVVLEVHDIDGGLDKAMNALRAHGFQVVAEQDDLYENSPIYNLYGTRPGSG,mibig,Chondromyces crocatus,"NRP:unknown, Polyketide:unknown",CAQ43079.1,chondrochloren A,19171307,10.1016/j.chembiol.2008.11.005,cndE,hydroxymalonate,final np structure,no,yes,bioinformatics only
BGC0001836,BGC0001836|c1|4226-24685|+|DAC80073.1|PKS|DAC80073.1,MNMEFVLDENAPLLMNHQVKGEAIFPAVGYFERLVSELRNLAICTEEIYPFGISNASWLAPLRADNGCARMHLSINRKELGYEYQFLKLLGAETQLCASGIIEFRHSEPEPREMPLDAFLGTSGHLINRSAARLYHRNDIYQMFLKIGIHYKDLFCALDQFSFHEDLSIGRILRNVGEYESGIHVRPDILDAAVQCVLLTVHESRTTPALFVPFSVAEVSFFQKPSSLCYVVVEPHEAGTSDDIYRFNVRIMDESGVVSVLMKDLCVRRYSRPSQNEDITVKKGPGNVTSLPGLNWFITSTFTAEPIQEPLSDWSDSLGWPVNISFAPYNQLYQQLIESSGFIYQNTSGANLILTRLEDFQENDQHQQSVTENNNPLPLDAGISREERDNVLVDSLRMTLPNGLEIAHLNSYESHYLYNEIFVEKTYLKKGITVERGEVVIDIGANIGMFSLFIASEFKEVQIFAFEPSPATYDVLNKNLALYIPNAVALPFGVSNQDGEAEFVFYPLSSVWSGFHADDEQDGLALRQAMENELTSRYTFDDNDALQTHLDALVKERLHKETYQCQLRSLSSFFREYEIEKIGLIKLDAEKCEWDVLQGIEDQDWEKIRQLVVEIHYQDDSDIAQKIRQLLCDKGYEIEVVEEELLKESGLYNLYARRPQIQHAPQPYNVLDGIERNLDALAELIQHQHPRFNVPLFLVLCPPSPAALEQLPAEFCQQMEQRLRAQLNHVARVVSVSDYSELYPLTNYHDPVRQELGDIPYTDPFFKTLAAILVRNLVAGEQAPYKTIVLDCDNTLWSGVVGEAGVEGIEISAEFQALQSFMLAQKQNGMLLCLVSKNNEADVRNVFEQRKDMVLQWDDFVVHQINWSPKSQNLIELSKSLNLALNSFIFVDDSPMECAEVRESCPEVMTLQLPADHTDGGLKTFLQHVWVFDHHQVTAEDRQRTALYQHQFKREQFRTGFDSLKSFIDGLELQVTLVPIDADNVSRFAQLTHRTNQFNINKQPKSAADLSRYADQAGHGCLCFQVSDRFGDYGLCGLILYRQVTENSLLADGFLLSCRALGRGVEYQMLAALTDVASRMNCSTIQFVARQTEKNAPALKFLADIAEQCEVVATESANQLDYQFPVSKLSAVQFMATEPATDPEILPKVSASSDGRQLSSLWIQQVAEQAGALIAGIEGQDSEHQHPASVNTDTLLSDEDSTQSAGDISVAETLVLDHVRRCLSSPDMQIDVNKAFSEYGVDSMAGINLVVMLNKSLDVTLPATTLFDYANVRDLSQFICQEYPQAVTRLQPSVMNVTTNSSNAARTTVTTQAVNPVIDSKVDDIAVVGMSGRFPGIRSPQAFWTMLAEGRSCITEVPADRWDVSVYYDPDRTKENKTYGKWGGFIEEIDRFDAAFFGISGKEAQQMDPQQRLFLEESWHALEDAGYADRGTGQKKWSVFVGADSGDYQLNLRQSGVPIDGSSFMGNDASILAARIAYFMNLKGAAIAIDTASSSSLSAVHMGCASLRSGESDLVIAGGVSIHTTAQFHILCSKAGMLSEDGACKVFDDRADGFVPGEAVGVVILKRLQNARQDRDHIYAVIKGSSINQDGKTNGITAPSGRSQTDLIRQTWDQYGIDPAAISYIESHGTGTRLGDPIEVKALTDAFRVSTDNVRYCALGAVKSNIGHCVHASGVSALLKVLLSLQHGKIAPNRNFVSPNQHIDFEHSPFYINTRLQDWNAPEGELRLAALSSFGFSGTNVHMVVQEYVDITPRVVARTVVDDGQYVFVLSAKNESQLQASARQLQQFLSARAPVDEYELVSLAYTLQVGREAMSHRLAISAATAAELISGLQQYLAGKTGNSIYTGVVQAGSNATALKPTHNSEVVAQAWVLGQTVSWRSLYDDQPYRFAGLPTYPFERERYWLPAQKHVDTLVTKALTEAVTNEIVAEQSASMSGRRTLMPLSTFGAQGKSVSLLQAQLIEPGILQLTAKESVLTAPMMAELRAQLHKAQASPDVKVVILSAGQQPFFSADVQTPAAIPAGFSDLVMACELPVIAAVEGGARGAGWLLACLCDFMIAAREQRYQYSPQPQEKPLSQQEWQFFAERFGEYPADQLLFTDAGLTGQALQELGLQMPVVEQTDVLNSAVTLARDLAKSTRAALVALKQHMSRHLRACADALLQSPIPFSRSPVRATDRLSTNTVSATESWHRVEAERQAMGSGRKIPLSTEVVSAEAYDNGVLQVVLHDRDSRNTFSAAFIDGICEVFRHIQHNQQYKVVVLTGYDHYFASGGTQETLLAIQQGDARFTDDTIFSLALECDVPVIAAMQGHGIGPGWVLGLFCDAMFYSEESVYFSPYMQYGFTPGAGATLIFPSRFGYDMAREILFTARYYKGQDLARPGLLHTVLPRHNVLTAALVTAARLAQTSDRDGLVSDKAGRVAALRSRLDENYALELAMHEKTFVGNDEVRQRVLQHFNQGIPTKVSDVPVAAPVIDHHEQRRQVHEALKSMLADELHLQVSRIEDHTPFIDLGLDSITGVTFIRQVNSRYGLSLTAASLYSAANLTDFTSLVLAEQPRQPATNPPLPQMDTDADDILAFLRRTLADELHLNPERMDDNTPFIDLGLDSITGVTWIRTINAHFSTALGAAELYTHPTLRAFAAFLSHDQSAIVVTTVATTPAPTAMVDDHQTLTFLKHTLAEELHLNPDRIDEDTPFIDLGLDSITGVTFIRRINQHFAQNFGAAELYSHPTLRLFSRFVEQQNAHTEAAPVPPAAAMNVTQDVAATAVVRSEPVSPPSARTPGKPESTAIAVIGMAGQFPQSPSLELFWEHLVAGHDCISEVPAWRWSLTEYYHPDASVPGKTYSRWMGALDDADKFDPLFFNISRREAQLMDPQQRLFLESCWAAIEDAGYAPSALSGSNCGVYVGAGAGDYAHGLAIDAVNAQSFAGNEPAILAARISYLLNLQGPSLALNTACSSSLVAIVSACDSLVSGQCDLALAGGVSVLSGPLMHIMTSKANMLSRHGRCFTFDERADGFVPAEGVGTLLLKRLADAEADGDAIHGVIRGWGTNQDGKTNGITAPNRDAQIRLQQQVYQRFAIHPESIQLVETHGTATRLGDPIEVEGLQRTFQAHTQKQSYCALGSVKSNIGHTLMAAGVASVLKTLLALKHRCIPPVAHFETLNEHINLDHSPFYINREAREWQVNGNVPRRAAVSAFGFSGTNAHVVIDEYRSAVTPTTGRPGETDRLLSQVIVLSARTDEQLTAMVQNLSSALQNGSLAEVKLVDIAVTLQTGRDAMAERLALVADSKETLQTRLQSYLQQPETTEGVYRGHIGQEDVCLPILNEDPEFQHTLVRWVQQQRIAKVLRLWVSGLSIHWASLYQHIAGRRIHLPVYPFARQRYWLDGKLASKTVAPSPLPNSEPIALLEPVWRASPVQDISATDEPLVRHEVFLLGDALMGLAAQMSGPEYSVQTLDGRMSAPDQTFEAAAVALFEYINNTMRESLPGTVLIQVIVSDSLFTGLGALLTSAAQEYSRLQAQLILVSAAETPVTLNQKIRQNRSRPDDQFIRYDQGERQVRELTQRPIADKVMPWRAGGVYLISGGAGGLGLTFAREIATYCNQATIILVGRSDLTPEQQAAIEHVRGLGAQVEYQQLDISQYPAVVALIEHITRSYGHLNGIIHAAGVVRVNAISRKSGSEFKTVLATKVSGTVNLDQATQALDLDFMVLFSSVASVYGDVGLADYACANAFMNDYARYRSQLQRMGQRHGQTLAIVWPLWRNGGMQVTDAMARWLAQNSVHSRAPLTDQQGIEGFYRALACAAPEVIIHSGERIDAGPRPSKAHTPQPSINRTASLQQSLTQVVMQLMALQPEDITDTATFSQMGFDSITLTELSVQLNQRFGLTLTPAVFFEYSTIASVSQYLLKQHPSVFAEIATENGTHETPHDHTLVTAQTPADQRTYTTQPVTSVAIIGISGEFPEADNIAAWWHNLEAEKDCISEAPLHRWDWRSGEHDDSIKWGGFLDGIDAFDPLFFDISPAEAEVMDPQQRLLMTHAWLAIEDAGYAPSSLAGSQTGVFVGTCNSGYNALAAQQGRAVEGYTAVASSPSMGPNRLSYLLDLHGPSEPIDTACSSSLVAIHRAANAIREGRCTLAVSGGVNTLISADIQVSLSKAGALSPDGRCKTFSRHANGYVRSEGVAIVVMKALADAERDGDPIYGVILASGENHGGRANSLTAPNTRAQADLLLDVYRRGNIDPRHISYVEAHGTGTALGDPVEVNALKTAFAERCAELDGMNAAMQTPYCGLGSVKSNIGHLELASGAAGVIKVLLQFKHQRLLKSLHSEEQNPYIELSDSPFFVVRQTQHWPNVTDGQGNVLPRRAAVSSFGFGGVNAHLVLEEYVAHAQSDTRNAGNVPVLVPLSAMNRERLLASVRCLKDWLTDRTDIALCDLAYTLQTGRNGMKDRLGIVVNSIDELLKTLDCVLEDRMPVAGHYRFSGQTASDQDMSGAITQARHGNYEPLLNWWLAGQTVDWSQLYEDNRPRRLNLPGYPFARQRFWALNKAQIPGAAHRVDPVSADQDNDADLLALTPVWQAVPSATAGADTDQHVTVIAPDWVTYMVADTVTVSDWVDVAAILEPDTLQTVLWDCQPIQHLLIHLPQISDGQPSHATVCQLFNIVKAMLALGYGDQPLRWSIVTTQAQPVCHGDIVYPDQAALHGLAGVLAKEYPRWQVQVADLADDCYWPVAELLAVRGESGRAWGYRDRQWYQQVLTPVPEVASSSGYRQGGIYVVIGGSGGIGEQWTRWMQQHWQAQVVWIGRRPLDQALQARLQALAEFGPTPVYLQGDATSAEVLMTLLNTVYQRFGAVHGIIHSAVDQFDRSLAEMSTEQFRTVLRTKVDILLNIDAALAEFEQSGRLDTLDFVLIFSSMASFEKGGGFAGYAAGCLFADACAQTLEARYQRPVKAVNWGYWKVGSGLRVSSEYQTQQQRKGIAPIQPDTALARLPQLLGSSLSQLALVQVASAQAQNYLELPVVTVADSNTGQAQPGADDYQLAAIQPEEHHYHQQQNTLIANILFRLLTDHGYLLTDRLHPAHFPGVSRQYLPWMQATLTFLTAQGLLQQTATGLQVAAAATAVADIETLWSQWQQAQAGFAADKQPYGALIADCLKALPDILSGQIRATDVMFPDGSMERVKTLYQGNRVADLFNRILADTLYQAISSRLAADPDATFRILEVGAGTGGTTAMVLKVLKPLHGAIAEYLYTDLSRSFLLHAQSHYQPEHPFLRTALFDAGQALADQQIPAQHFDFVIAANVLHATANIHQTLLNVKATLRNDGQLLLNELSNRTLWGHVTFGLLEGWWCAEDTSVRIPGSPALTPEGWATALDKAGFGGVQFPQHQAHTLGQQIVVAVRQPLVQSLPVSPVADLQPATVGYLKQLLSKVLKMPVSELDAEEPMQSYGIDSILINQINARLREQFGDIRSTLLFEKKTIAELADYFVTHEAQQLRKVLGHHTDKPAALRITATDDASLSAPAPAPAPTPAPAPAPGLAEPIAVIGISGRYADAEDLSQFWDNLQQGKNCVTDIPARRWSWQDVYQPDPQLAVEQGKSYCRSGSFVGGFDEFDPLFFNLSPHDALAMDPQERLFLQTAWAVLEDAAHTRAMLAEHYAGQVGVFVGVTRTGFDLYGPELRRQGVPFYPRTSFSSMANRLSYFLNIHGPSLPIDTMCSSSLTAVHEACEHLRHGSCRLAIAGGVNLFLHPSAYVELSASGMLSRDGSCKSFAAGANGFVPGEGVGAVLLKPLSAAQADGDNIRALIRSTHVNHDGKTNGYTVPNPNAQTSLIRAALDKAGLKASDISYIEAHGTGTELGDPIEVTGLTLAFSQDTCDTGFCALGSVKSNIGHLEAAAGIAGLSKVILQLQHGKLVPSLHASTLNPNISLSKTPFYLQQSLSDWHPGASGTRMAGVSSFGAGGANAHVIVEEYIPSESESRDIRQPAILLLSARTETALRARAEALLSHLTSQPVELHDLAWTLQSGREAMEQRLAFVADSVADVIARLTAWLKGDETHVLRGRVSANKETVRAMQNDSALQTLWQDRHDRPALETVLGYWIQGAEPDWSQLYQQRLPARLALPTYPFAAESYWLDHPMLTPAGSETTRLRHSLLQENISDFSEQRYRSELSMETLQAMGLDAVDTQAVPALLHVQIAILAARHAMADAGSYPLTVRQLAWSDPVSLQQPVSLHTGMVLKGKGIAFETYGVTGETGSRTVYCQGEIETHTGLNATPVDIEGLRTRLAAVPTALMPASIEACYGDAVSGAHDAATTVLLKLAATRESSAFLFPPTVAESALQLLGKRADQIHRLQSLSLMTTDLQISWVLVRLQADNPALVDLDFCDDHGHVCVRLQGLQSLEQRPSSVPNGASTLMMCQPCWQPTPLAEPASPVVWSRHVILVAAMDDTIVKPIREQLPQAECHSLSLPQQGDMGSRFSACAVQVFEHIKSILMARPHGQQLLQILIPSTAEQVVLRGLAGLLKTAELENPHLIGQLIEWPVDQSSEPLTQIVIDHRNAGGSGHIRYHDDQRLGAVLREQPSMVAHIPWRDNGVYLITGGAGGLGAIFAREIAARTRHARLILTGRRGLDAECQQLLDEITAAGIKAEYRSCDVVDRQAVEHLIADIVERYGQLNGILHGAGLIHDNYILKKQSPEFAAVLAPKVAGLVNLDLASQHLPLDFFVLFSSLSGVMGNSGQSDYAAANAFMDAYADYRNQLHASGARHGKTCSISWSLWQEGGMRISADLLQDSGMKAMKTDEGLQAFYRILNLNQSHMLVLDGERSVLESVLVSEES,mibig,Gynuella sunshinyii YC6258,Polyketide:unknown,DAC80073.1,tartrolon,23288898,10.1073/pnas.1213892110,trtD,tailoring of D-lactate starter unit,final np structure,no,yes,bioinformatics only
BGC0001902,BGC0001902|c1|24170-29350|+|AJY78093.1|polyketide_synthase|AJY78093.1,MNQENNRAERDSAPASTDIAVIGIAGRFPGARDVQAFWNNLRSGVESIRFFSEEELLGQGVPAELLRNPNYVRAKGILSDVDCFDAGFFGISPAEARLMDPQQRLLIECAWEVLEDAGYAPGQLQERVGMHVGVGSNRYASEHVWPSLKGEHWLEHVEAAIGNEKDTAATRIAYLLDMKGPCFTVQTFCSSSLVAVHQAVSSLLNQECDIALAGGAYVEVPHVVGYLHREGSFTSPDGHCRAFDAGAAGTPFGSAVALVALKRLEDALEDNDAIYGVIKGSAINNDGSQRAGYAAPSADGQAQVISEALGMAGAEPESISYVEAHGTGTSLGDPIEISALTRALSRGGRPHPGCLLGSVKTNIGHTDRASGVVSLIKVLQALAHGEIPPTLHFSKPNPAIDFGPFEVPTRLREWPRRDTPRRAGVSSFGLGGTNAHVIVEEAPLQPARTGVRSPQLVLLSARTPQALDEMAEALARRLRRQPQALADVAFTLQVGRRGFEHALGVIGTSPEEVAQALEERRPSFRGPRLQEPPALAFLFPGEAPQQTETSGALCERWPTFRETVERGAAFLQRELGWDVRHASRTLPRAHAALFLAEYALAQQWAAWGIRPERVVGVGLGELVAACVAGVLGLEDALRLTVRRAELLQASAGPQAPGAASVQEGLRGMLQQTPLRAPTSPLHSATTGDLISTAETQSPEFWARRLGAPAAHHVRFEPPSRPQRTVLLNVAPEPALTRIQLQAPPQVSVVNPLPEAEGPEQAVNHILLAAGALWMAGAELDWKTLHAPQRPRRAHLPTYPFARERHWVEAPDQGARPRGGLAPGEALEKSKEPAGWLYVPTWRRALPLPSPKRTPMRQRWLVLADTQGLGSELTEVLLGLGQLVYEVRAGPRNEAISPYTFQLDPSSTDGFKALSEWLEQPVDHLFHLWPFDLGEGVTHERRLRLGLESVFGLVQALGQKWPTAPTALRVVAPHAFDVTGGVAPIPEAAALAGPCKVISLEYPTWTSQLVDLEPSTDRGQLAQAARWLVREALGASGDDVVAYRSGVRWLRAYEPLPSTHLDAAEQGFREHGTYVITGGLGGVGLALAERLARHFRARLVLLGRTGLSAPHAQSLAERIRGMEAAGAEVLVIAADVAEPSSLRTALQQAQERFGSIQGVLHAAAVLRDGPIQLKHMEAMHEVLRPKLDGARTLLTAASDFKMEFVILFSSLAAVLGNVGQADYAAANAALDALAHGHVQDRPRVLSINWDAWLEVGAAHALRASAAPQARGPLAWLLDEGLTVEEGWEVLQMALRAGPCPQLVVSTRHLGRLAEKMRQALREEAHEKRTDALPEVSRERLTTRHVAPRNDTERLIAQAWTRHLGLRGIGVYDRFVDLGGHSLIAIRVLAELKNHFGVDLPLGAIFRAPTIAELAEAIEQALLDEVGALSEEEASRLAAEAGAAQEHVVKLPNQLEVSCDQPAEIEQFYEDIFVDRAYLRHGITLVPGDVVFDVGAHVGMFTLFTQRYTHGVEVYSFEPAPRSFEHLSRNTAWCGPSVRRLNFGLSDRRKQAELTFYRGTAGLSSVYGDPTEERDILRQVILNEAHRRGEDLALLSDRMEELLDQRLAAERVPCQFEMLSSVVRSQGLQHINLMKIDVQKSEMDVLMGIEEQDWPRIEQIVAEVHDTGDRVQQMHELLRTRGFQVASEQEPLYRGSKLYLLYAVRPERQARLEASLRGGSARPAGGTP,mibig,Myxococcus virescens,Polyketide:unknown,AJY78093.1,bengamide,26514647,10.1002/anie.201508277,benC,O-methylation of bengamide intermediate,final np structure,no,yes,"Based on this finding, the following biosynthesis is proposed: Isobutyryl-CoA or 2-methylbutyryl-CoA starter units are extended with malonyl-CoA, two “glycolate units”, and finally L-lysine. Additional reductive polyketide chemistry, O-methylation, and the ultimate release of the PK/NRP chain from the enzyme complex by lactamization results in the formation of 3 and 5"
BGC0001031,BGC0001031|c1|7252-18210|+|AFX60309.1|polyketide_synthase|AFX60309.1,MSAYTLSDRSLIVSGHVVLNEPILPAMGYVHFVAASLLNNNNANNVESIYPVRIKNAVWFSPIVAGHDSCEVNIVFDDEEGEKTYWVTSKVPGKATQRHATGIVSSDDNVAAGGTHTVFPRPDVAAQTFTHRLDRDDIYRQFLSTGIDYRGNFQCLQALHCNQTLFWGQILADEESLTDLPSPYILDAAIQTVLLGARKARSHDHPEQVYVPFSLDNILIYKPLASKCDVFAVPRQTSSSAPEQGVFDVLVVCESGDIVVEMKGLHVRPYHNAGRGTKMEKSTRLGDKAADAGQTWAIAATFTAEPIVEPLQAWFAQLGWNDRVKFAPYKQVYQELLSPQSLLAANGEGVNAIMCRLEDLIANDAAASGSGKSERPQVSLAQINQHLTDCERFVLPNGMEIAHLKPYETRYLYEEIFVEKTYVKHGISFAPGNVVVDIGGNIGMFSLFATTQCPDLRIFSCEPSPISHAVLQKNLALYAPEAKALQVGIADKDGEAEFVFYPNSSVWSGFHTDEAEDGEALKKSMENEVAKHLGEMDSEVIREHLDAMIGERLQKQTYQVQMRSLASIMREHHIETIDLLKVDAEKCEWDILSSIADEVWPNIRQIVVEVHDKEGVTAEKIARLLRDKGYELAVVEEDMLKSSGLANFYARRPAVQAGDESRLSRFEQGICNNFKDLLTLIGQQPPRRHAPTLFVLCPPSPAMSAQFSAALLAQTAQMMQQILGDRADMSCIDLSRELQAYAVTEYHDAVRDEMGHIPYTPAFFEMAASVLVRHIHASRRPPYKVIALDCDNTLWSGVVGEQGAGDVLIDANFRALQQFMLRQKQQGMLLCLVSKNNHEDVKRVFDSRDDMVLQWDDFVDVQINWNAKSDNLQRLAKTLNLGLDSFIFLDDSPMECAEVAARCPQVLSLRLPENHDAIPGFMAHVWAFDQVCRTTDEDAKRTHLYQEQVRREAFRQSAFSMEAFIRGLDLAVTLQPATSDQAERLSQLTHRTNQFNFVKRPHSVGDILSRIQQPEQGCWSIRVSDRFGDYGLCGLCLFSEHEHRLSVDGLLLSCRVLGRGVEYQVLNALGRTALERKKETVAIHFAASDKNQPAHNFLCSITQLTPESSGAWAYTAPAGTLAELAFAPSSQTIDSPRDSTPAAQDTDVLPRGRSNDTLLMQRIAEHHGQLAAPRSEPMTPHPTAPAALARPDDIDSDAISHFIDAAIEKSLHECLKAKVDIDETKAFSEYGIDSFAAINLAVKLNAAFSIKLPGTVLFDYGCVSDLRRYLLANYRHEVAARMQPAQRQDAASAGNAAPRAETPPPSPRREQAAEADKREHDGDIAVIGMSARFPGMANVDEFWAMLLASGDCISEVPADRWDIAAYYDEDRSKPNKTYGRWGGFIEHIDKFDASFFGISGKEAKQMDPQQRLFLQESWHALEDAGYANRDIKNKRWGVYVGADAGDYHANLLRHGVPLDGSSFMGNDASILAARIAYFMDMKGPAMAIDTASSSSLAAVHLACESLRSGAVDMAIAGGVSIHTTVNFHILCAKAGMLSADGRCKPFDHRADGFVPGEAVGVVVLKRLQDAIKDKDPIYSVIKGSAMNQDGKTNGITAPSSRSQTELICQVYDELKLSADELTYIEAHGTGTKLGDPIEITALTDAFRRQTQRTGFCAIGSVKSNIGHCVHASGVSALIKLLLSFKHRTLPPSANYDQPNPLIPFEETPFVVNTRVQDWRPNVQGKRIAAVSSFGFSGTNVHMVLEEFRAANGEGGPAQPVDAWDAEPALLLLSARSDAQLRILAQQLKAYLQQHAPLTLGEIKDIAYTLQLGRESLSHRLAIVGKSESEMISGLEDYLHRNALAQRYLTAAVAQGERNKGNSARQQTEIDGAIQQRDLRGLAGQWLEGRQVDWSSWYPSARQRVANLPRYPFEQERYWLPEHPAHIMPQAVDGGATPIADVLPSPLPSPESAPGKRVLAALQTFQPADVQAQSASDLPLTDEGQGIFSLHLRGADGVSSRDLARVLTALKNRADINVLLLCGDEHGFLADLAQDEALFLQQGLYRTVLTMPFPVIAAVPGGCNGYAWLLACLCDFTVLSATARYHYAGGGQQVSQQLYHLLSERFTPAAAKALLTDPQPMEGRQLKALGILMPVFPAADVAGESLKLARELARAPREALVQLKRHLAAAQIQRSVALAERPVDFAGVEMPAPTLLPENGVQAFENGLLPAPSGRPRKVALTSAAIEAEVYDNGVLLVRLCERDSRNKFSKAFVAGFEEIFAHIRQNQRYKVVVLTGYDHYFASGGTMETLQAIQRGEAKFTDEKIFALPLECDIPVIAAMQGHGIGPGWAVGMFCDEAIFSLESVYYSPYMRYGFTPGAGATLILPSRLGLDLAREVLFTANEYKGYELHARGLKNPVLERARVLPFALAVANALALQPRAELVAAKTQRSQRLRDQVEANYERELQMHERTFVGNQEVLSRIQQHFNPGALGHQAQEQTNRQQDAAPLRVNEPHAAVSGQPTQDAPQALFDRVYILLRRMLSEELQINVEHVESEQPFVDLGLDSITGVTWVRKVNAEYGLALNAADIYSYPNLKLFTAWVIDKAGLNAAPEPTAVAANASENVSPPQAAMADRANDRVTPSASVLAFLSQTLSQELQIKPQAIDPDIAFVDLGLDSITGVTWIRKINQHFGLALNAAEIYGHPTLQSFAALIQRGVGPALAAATPLSQAETADNRAELEMPIPAATHRHPSEEQRVQSARAPARQPASCQAIAVVGMSGQFPKAKNLQQFWENLRAGADCISEVPAERWPVASFFDPDRQTPGKTYSKWMGVLDDADKFDPLFFNISPREAELMDPQQRVFLEACWSCIEDSGQNPAALSGSRCGVFVGCGDGDYEARFGMALNAQTFMGNAISILAARIAYHLDLQGPSLAIDTACSSSLVAIASACDSLALGNCDLALAGGVSVLAGPSMHIMTSKAGMLSEEGRCFTFDQRANGFVPGEGVGVVLLKRLEDALEDQDEIHGVIRGWGLNQDGKSNGITAPNGNAQSRLEQEVYARFDIDPEHIQYVETHGTGTKLGDPVEVAGLKQSFAQFTRKENYCALGSVKSNIGHTLRAAGVASVLKVLLAMKHRQIPPMLHHQTLNEHIALEGSPFYVNRELRDWTAAPGHRRQAAVSSFGFSGTNAHLVIEQYSTEDALATERPAPGQPAVHDPALIVLSAKSEAQLRQSIVNLLAHVRERGEREHGEGAKTYLHSLAYTLQTGREAMNERLAFVAHSLDELQHRLAAALDDEQQTAEPFFRGKSKSQSDVASIFNVDEDMRGLVQSWAAKGKWAKLLEIWVKGVNIDWAVLHLNASPRRVSLPTYPFARERYWVALPTASADAAPGATTSPAKSLQETFTALGDFSAYGNLLAAGAMSAQDRLPGLWLLEQALSAWASSGQGPAAELNYLLWGQPACVQDALDGHIQTYFSREDDGLYFQCVTEKAHKSVIHHFGQVALIAPAAGGGHAQDIQALEARLSAPQHHQVTQQFKRAIDDSGLRSPAVAENVCFDGAQLLVRLGGLAERPTLLTACWQLLSALNHHRHSQTPAQGQWHPFSLDAIVTYKPVPARATVCISPASAEKESLVIAGDLPGYDLSVYDETGALCMWLSNLKMVKEAALLTFEASNHD,mibig,Serratia marcescens,"NRP:unknown, Polyketide:unknown",AFX60309.1,oocydin A,23012376,10.1074/jbc.M112.401026,oocJ,predicted to be nonfunctional relics,final np structure,no,yes,check with Piel lab
BGC0001032,BGC0001032|c1|7529-18502|+|AFX60332.1|polyketide_synthase|AFX60332.1,MSAYTLSDSSLIVSGHVVLNEPILPAMGYIHFVASSLLNNNDANNADGIYPMQLKNAVWFSPMTLDKGTCEVNIVFGDEDDDKTYWVTSKVPGKATKRHATGVVSFDFNAAEANERPVGSVFPLPDITAQTFTHRLTRDDIYRQFLSAGIDYRGNFQCLHALHCNRTLFWGQICADEGSLTGIPSPYILDAAIQTVLLGARKTLWGDRPEQIHVPFSLDNILIHKPLMPKCDVFSVPRQASSHSPEKGIFDVLIVSESGDILVEMKGLHIRAYHKAGQGEQSALAAAPTEAGQTWAIAATFTAEPIVEPLQTWFSQLNWHDRITFAPYNQVYQELLSPQSVLATNAAGVNAILCRLEDLIANDAAPAPRKNGVPQVSPEQINHHLTNCERFILPNGMEIAHLKPYETRYLYEEIFVEKTYVKHGISFAPGDVVVDIGGNIGMFSLFAITQCPDLRIFSCEPSPISHAVLRNNLALYAPEAKALQVGIADKDGEAEFVFYPNSSVWSGFHTDDAEDGEALKKSMENEVAKHLGAMDGEAIREHLDAMIGERLQKQTYQVQMRSLTSIMQEHHIKTIDLLKVDAEKCEWDILSSIADDVWPNIRQIVVEVHDKEGVTAEKIARLLRDKGYELAVVEEDMLKSSGLANFYARRPAVQADNTPRLSPVEQGVRDNFNDLLTLVGEQPHRRQGPTLFVLCPPSPAMRERFSATLLTQVAQMMHRIQGDKAEIRCIDLNHQLQAYGITDYHDDVRDEMGHIPYTPAFFEVIAAVLVRHAHAGRRPPYKVIALDCDNTLWSGVVGEQGAAGITIDANFRALQQFMLRQKERGMLLCLVSKNNQEDVKQVFDSRDDMVLQWDDFVDVQINWNAKSDNLQHLAKTLNLSLDSFVFLDDSPIECAEVSARCPQVLSLQLPENNDAIPGFLAHVWAFDHVHRTTDEDAKRTHLYQEQVRREAFRQSAFSMEAFIQGLGLDVTLQPATPDQAERLSQLTHRTNQFNLVKAPYSAGDILSRIQHPEQGCWSIRVADRFGDYGICGLCLCSEHEHALSVDGLLLSCRVLGRGVEYQVLNALGRIALERKKHTVGIHFTANDKNQPAENFLRGLPVMVRESSGIWAYAAPAAVLAELAFTPSPQAMDSASDNAPSAQKTASLPHGQSQDTRQMQRVAEQHGRLSLPQTNRACPPMTAYQPDDIDNDAVLHFIDAAIEQSLHECLKARVDIDETKAFSEYGVDSFAAINLAVKLNAAFSIRLPSTVLFDYGCVSDLRRYLLANYRSAIVARMQPVQQPDAVPADGAGRRARAPVNQNRKTANEAGEQAQYGGDIAVIGMSARFPGIANTDEFWSMLLASGNCISDVPAERWDIAAYYDEDRSKPNKTYGRRGGFIEDIDKFDASFFGISGKEAKQMDPQQRLFLQESWHALEDAGYANRDIKNKKWGVYVGADAGDYQANLRHHGVPLDASSFMGNDSSILAARIAYFMDMKGPAMAIDTASSSSLAAVHLACESLRSGTVAMAIAGGVSIHTTANFHILCAKAGMLSADGRCKPFDHRADGFVPGEAVGVVVLKRLQDAINDKDPIYSVIKGSAMNQDGKTNGITAPSSRSQTELICQVYDELNLNADELTYIEAHGTGTKLGDPIEITALTDAFRRQTQRIGFCAIGSVKSNIGHCVHASGVSALIKLLLSFKHRQLPPSANYDQPNPLIPFEKTPFVVNTQVQDWQPNAEGKRIAAVSSFGFSGTNVHMVLEEFKPASDEGAPTKQLNARDHEPALLLLSARSEAQLHLLAQRLKAHLQQHSPLTLGQLKDIAYTLQLGRESLGHRLAVAGKSEAEMLSGLEDYLSRHAFAQTYLTAAVTQGERNKGNSAGQQAEIDRAMQQHDLRGLAGQWLEGRQIDWSAWYPTARQRVANLPHYPFEQERYWLPESPARAMPHAGAISAADVSPAIMAVPLAESAPGKRELAALQTFQSADLQADIASIPLTDEGQGVFSLRLHGTDRVSANHLSHMLTALKRRTDISVLLLCGDEQGFLADIEHDHELFLQHALYRTVLTMPFPVIAAVPGDCKGYAWLLACLCDFAVLSATARYHYASGDQRVSQPLYHLLSERFTPTAAQALLTDARQQEGRQLKTLGLLMPVFPSAEVIGESLKLARELAKAPREALVQLKQHLAATLVQLSAVPADSPIAFTPDAAVAGPLLPENGVQAFENGQLPAPSGQPRKVVLSSAVIEAEAYDNGVLLVRLCERESRNKFSKAFVAGFEEIFAHIRQHHVYKVVVLTGYDHYFASGGTLETLQAIQKGEAKFTDEKIFALPLECEIPVIAAMQGHGIGPGWAVGMFCDEAIFSLESVYYSPYMRYGFTPGAGATLILPSRLGLDLAREALFTACEYKGYELLQRGLKNPVLERARVLPFALAAASAVAQKSRAELVAWKTQRSQPLRDRVEVNYAQELRMHDRTFVGNPEVLSRIQRHFNHGESIAPQQGAHALTVNEPHSVGTGQPAQDTPQALFDKVYVLLRRMLTEELQIKAEHVESEQPFVDLGLDSITGVTWVRKVNAEYGLSLNAADIYSYPNLKLFTALVIDNAGLSAAVADPHAVKANKAKDVVPALSADSLAADSAGHVETPLANVLAFLSQTLSQELQIKAQAIDPDIAFVDLGLDSITGVTWIRKINQHFGLALNAAEIYSYPTLQEFAALVQRYAVAPAPLSQAPTEPTAQWHEWHEAPLPAARPEERGTQRADSPAMPESASAAGQAIAIVGMSGQFPKAKNLQQFWENLRTGADCISEVPAERWPVAAFFDANPQAPGKTYSKWMGVLDDADKFDPLFFNISPREAELMDPQQRVFLEACWGCIEDSGYNPADLSGSRCGVFVGCGEGDYEARFGMELNAQTFMGNAASILAARIAYHLNLQGPSLAIDTACSSSLVAMASACDSLVLGNCDLALAGGVCVLAGPSMHIMTSKAGMLSEDGRCFTFDQRANGFVPGEGVGVVLLKRLEEAIEDRDVIHGVIRGWGVNQDGKSNGITAPNGNAQSRLEQKVYTRFGIDPERIQYVEAHGTGTKLGDPVEVAGLKQSFAQFTRQANYCALGSVKSNIGHTLRAAGVASVLKVLLAMKSRQIPPMLQHQALNEHIALDGSPFYVNRELRDWSVAAGHRRQAAVSSFGFSGTNAHLVIEQFSSEEAPAIFTGQPATREPALIVLSAKNDAQLRQSVVNLLAHVREQADRMRAQEGQAGEENAYLHSLAYTLQTGREAMSERLGFVAHTLDELQSRLAAALDGEQQTRDPLFRGKSKSQSDVLSLFNVDDDMHGLVQAWAAKGKFAKLLEIWVKGVNIDWDILYLTGTPALSPRKVSLPTYPFARERYWVDLPTAPAEGTQGVPADAAPVSGTLAQMHDAPMDFTAYENLLAAGAMSAQDRLPGLWLLEQVLSACELSARGYAAELNYLLWGQLASVQDAVDGHIQIYFSHEDDGLYFQCVTEKEHQSVTHHFGQVALNASAGVGSRVQDLRALEARLEVPHYQQAALQIKRTIDESGLHNHAVAEKICFDGTQLLVRLSAFAQRSHQPQATRFRPALLTACWQLLSALNRYCHPQTPAHGQWYPFSLDSIMTYKPVPDRATVCISPAPAEHASLVITGDLPGYDLCVYDESGALCLRLSNLKMVREEALLTLESSEP,mibig,Serratia plymuthica,"NRP:unknown, Polyketide:unknown",AFX60332.1,oocydin A,23012376,10.1074/jbc.M112.401026,oocJ,predicted to be nonfunctional relics,final np structure,no,yes,check with Piel lab
BGC0001034,BGC0001034|c1|4808-7192|+|CCE88382.1|polyketide_synthase|CCE88382.1,MTTPMVATEHTPPGKTPAKESARPAVLMFPGLGDHYVNMGRDLYRSEPAFREQIDLSAELLKPELGVDLRSVLYPGPDPSPAASPDGEAPGAPKQGVDLRRMLGRSRKEPSEVESQLNQTRLAQPALFVVEYALARLWQSVGLRVGAMIGYSLGEYVAACLAGVLSLEDSLTLVARRAQMIEELPPGAMLAVPLPEERVAPLLGEHLSVSAINSPEFCVVSGPREAVDDLEKRLLQGGTPTRRVQSSHAFHSRMMEPIAGRVTRLVEGYSLRAPQVPYVSNVSGALITAAQATDPAYWAEHLCRPVRFADGLRALLQRPGRIFVEAGPGQTLSSLAITTPKGDVEGELVVVPSMRHAYDVQADTAVLLNAVGRLRLAGAALDADRHSPSAGHAPPGAGEATPAKAEREAANAPPGDAAFAPRTDVEKELAAIWQKLLSAERVGRADNFFALGGNSLVATRLLFRIFKSFRVNVPLRRVYEAPSLAAMAAAIEAAIGSKDGAALGGDAAVPAPAAAGEQAHGSLAPRRYRLPNGLEIIHQSEAETRHFYEDIFAHRSYVKHGIQLPRGATVFDVGGNIGLFTLFVHTEARDARIYTFEPAPPLFEILRQNVAAHQVQAELFNVGLSDRERDAPFTFYPNSSGMSSFHADEADEKHVLRTIIENQGRIGMAGMDQVLPHSEELLGVRLKAQTFTARLRRLSDVLRETGVTRIDLMKVDVQKAELAVLEGIDEGDWPKIAQIVLEVHDVEGRVRHITTLLERRGFTVIAEQDALYVGTNIHNVYAVRETPASEGIER,mibig,Sorangium cellulosum,"NRP:unknown, Polyketide:unknown",CCE88382.1,pellasoren,22488911,10.1002/anie.201200327,pelG,"methylation of 1,3-bisphosphoglycerate",final np structure,no,yes,NA
BGC0001519,BGC0001519|c1|13008-21656|+|STRAU_RS01650|non-ribosomal_peptide_synthetase|WP_016638469.1,MIPLSFAQRRLWFVDRFEGPSPTYNGAFALRLTGELNVAALESALRDVIDRHEVLRTVIVEDDDGVPHQQVLPSVHQPFDLPLVEVTPQERAAAVAEVATACFDLAADMPIRARLVRSAPQEHTLVLVAHHIAVDGESFGPLFRDLTLAYAARRQGSAPAWEPLPVQYADYTLWQRDVLGDESDPDSLAARQLAYWRETLADLAQPLAIPTDRPRPKAMSPRGDRVEFALDADLLRSVEKLAAQADTTTSMVMHSALAVLLHHLGCGDDVPIGAPIAGRTDEELRDLVGFFVNTWVLRVDLSGNPTFQQLLERVRDKSLAAYDNQDMPFERLVELLNPDRSTAYNPFFQVMLSWQPPVPDLELPGLAVKAEKLETSTAKFDLFFDLLPNASGGAQCRLEYATDLFDRHTVEAIADRFVRVLSRLAADSARRIGSIDVLDAAEREQLLTRFNDTATAAAVAEPLTIPELFEHQVAKTPDAPALVYQDRTLTYRELDEQANSVAWQLREHGAGPEDLVVLALPRTQDLVVGLLGILKSGAGYLPMDPQYLAGRASSVLAEARPRFVVTDTATSQELPPHDMASINLDDRADWNTPRHAPDNTARTAPLGPDNLAYVMYTSGSTGKPKGAAITHRNVVNGVRELVRVLDAPPGWRMLAGTSVNFDVSVFELLTTLTTGGTAEVVANALALAERDSWDGHVISAVPSVLGELIGHLDKTTDVRTVVLAGDVLPAQLVRQVREALPGVQIVNSYGQSESFYATTFSLTASQEWTENDVAPIGTPLGNMRAYVLGPGLTPVPQGVIGELYVVGTCLGRGYHGRPGMTAERYVANPFGPAGERMYRTGDLARWNARGRLECVGRADGQVKVRGFRIETAEVEAACTAHPGISQAVVISREVPAGGRRLVAYVVHTGEGAVGDDGAGGIGDVDVQAGASAAELRKFVAARLPDYMVPSAFVALGRLPLGPTGKLDRSALPEPEFLGEAYREPRTEAEKIITAAYADVLGVERVGIDDDFFAVGGDSLRSIQVVARARAQGLELSTREIFECRTAARLAEVASARRDRVAPLAEDESGGVGPMPLQPVARHVFEHGGGTDRFAMSMVLELPADIDDSGLTATLDAVLDRHDLLRAQLVRGDELSLTVREQGTVRAAQLIRKVACDGRWDEPDALRAAQAELDAAAGRLDPEAGTMADFVWFAPAIGAGRLLVVLHHLVVDGVSWRILMSDLAQAWQQVRSGQTPKLPAVGTSARRWATALQDAAHSPQRAAELAYWQDVLQAPTPPLGARAFDPAQDLWSTVETVRVELPAEVTQAVLTTLPAAFKGTGTDVLLAALALAVNRWSDTSASTLVRLEGHGREEDVVPGADLSRTVGWFTSMYPARVDVQTVDLDEVLAGGPAAATAVKLVKEQLRAIPDKGMGYGLLRHLNAQTAAQLAGLTAPQIGFNYLGRISDADVPEHLRAHGWGPASWSAELIPAPDPDLPALSALEVNSVATDTPEGPRLQAAFMFPTGVLTREQATALAQLWVKVLHGMAAHAARPQIGGLTPSDAPLVSVRQDEIETWEERYGRLSEVWPQAPGQSGLQFQAAFADGSFDVYHMQFVLHLSGHVDPERMRAAGQALLERYPNLRSVFLTDAAGNPVQIVPEHVDLPWRHLDLTGRTEAEQDAALDQALADDRADQLDPTRPPLLRLALLTCGPQQAKLIITAHHTLFDGWSSPSVVRDLTRLYAQSGELAPVRSYGDYLAWLSAQDREASAARWKAELAGFDEPTLVAPNAPAQETASALGRVEVPLSIDKGKELARRAAELGVTLNTLLQGAWGILLSKLTGQQDVVFGAAVNGRPADLLGSDEMVGLFVNSLPIRVFCRPDRSVADVIAELQNRQTALLDHHHYGLADIQRDVAMPALFDTMIAFQSYPIDREGMIEANASAGFTVDAIRPFAGSHYPLSLNASDPYLRLSLDYQNNLYDRAAAEEIAARLVRVLEQLIEDPAAPVAAVEVLAAQERDQLLHRVNDTAHPVAADTLPDALEAQAERDPARTALIGDQQTLTYQDFNRRANQLAHWLIERGAGPEQLIALRIPRSVDLIVAIHAVVKAGAAYLPIGADLPEDRVRYMLDNAEPLLVLDAALPDVSAYPTANPARTLSPDNAAYVIYTSGSTGRPKGVQVSHRSIMNRLRWMQHAYPLAADDRVLQKTPSSFDVSVWEFFWPLQEGAALVVAKPEGHKDPDYLARLIREQSVTTCHFVPSMLQVFLTETAAADCAEPLRRVFCSGEALPRESADAFAATLPGVELHNLYGPTEAAVDVTHHACLPHESGPVPIGVPIWNTQVYVLDAALRPVAPGVSGELYLAGTGLARGYLGRRALTAERFVACPYGEGGTRMYRTGDVVRWNKDGRIEYIGRTDFQVKIRGFRIELGEIETALSGHPAVQQTAVIAREDTTGGQQLTGYVVVDPQTAPGVARLHELQAAGRLDGVELHELPNGMVMAGRNKSNMTYLYDEIFQRGEYARGGVRIDDGARIIDVGGHVGMFGLWAGSVARDVQVYVCEPMPELAEFYRINAHLQGLDAVVTTCGVSDAPGRAEFTYYPEMSLMSGRFADETTERETLRRVIANERGSQAVEEDQLTDMLADRLTSTQVDVELRTVSQVIRDNNLTVVDMLKVDAEKSELAVLRGIETEHWPLIRQIVAEVHDEDDRVAVVTKMLAAKGFNVVVETPQGLEGTGMCQLYATRESHDTPAPTAPAPAGWHSPAQLTRELRAHLEQQVPDYMVPGHLVILDQLPLTANGKLDRTALPAPDQAEAAAGRGPRNHNEEVLCRLFAELLGVDEVGIDVDFFDHGGHSLLATRLTGRIRSELNVDVKVTTVFRNPTVAELAERIEKLATSKRPQLRQMNV,mibig,Streptomyces aurantiacus JA 4570,"NRP:unknown, Polyketide:unknown",STRAU_RS01650,aurantimycin A,27655321,10.1186/s12934-016-0559-7,"NA",O-methylation of serine,final np structure,no,yes,NA
BGC0000949,BGC0000949|c1|27888-28622|+|BAI53084.1|putative_O-methyltransferase|BAI53084.1,MIRQGPQAVRDLPPQSENLMTSQERRRLLLQDIDVVIDGGANGGQYAKWMRACGFRGEIFSFEPASETFGVLSEAARSDDRWHCHNAALGPEDGEARLHLTRTSLGSSLFRRTELHSRVWPRDVEAGTELVPMRSLRSLWHELGCDGRRVYLKLDVEGAELSVLEGSGPVLDRIALLELELSLVDMHHGAPAFHEVINFLSGRGFSPVALEQNHNGDDTTGQMLMLDGIFRAPGAGSEDGPGRQ,mibig,Streptomyces griseus,NRP:unknown,BAI53084.1,A-500359,19478828,10.1038/ja.2009.38,orf24,unknown,final np structure,no,yes,bioinformatics only
BGC0000994,BGC0000994|c1|72623-73405|+|AAF86398.1|FkbM|AAF86398.1,MSHPVETLRLPNGTTVAHINAGEAQFLYREIFTQRCYLRHGVDLRPGDVVFDVGANIGMFTLFAHLECPGVTVHAFEPAPVPFAALRANVTRHGIPGQADQCAVSDSSGTRKMTFYPDATLMSGFHADAAARTELLRTLGLNGGYTAEDVDTMLAQLPDVSEEIETPVVRLSDVIAERGIEAIGLLKVDVEKSERQVFAGLEDTDWPRIRQVVAEVHDIDGALEEVVTLLRGHGFTVVAEQEPLFAGTGIHQVAARRVAG,mibig,Streptomyces hygroscopicus,"NRP:unknown, Polyketide:unknown",AAF86398.1,FR-900520,10863099,10.1016/s0378-1119(00)00171-2,fkbM,31-O-methyltransferase,final np structure,yes,yes,many more references
BGC0000967,BGC0000967|c1|20404-31761|+|BAP05589.1|calA|BAP05589.1,MMGRGSSFVYQSEGNGPPDNWNDTDVGYPNIKCIHQLVETQARKTPDAIALVYGKQQLTYEELNRRSSCLARYLQLQGIQPDQPVGLCVERSLEMVVGILGILRAGGAYLPLEPQYPGERLQYMLQDSRVEWVLTQSRFTASLSPLLDDSVHLLSLDREWESITEGAQRQPALKRQVRLHHLAYILYTSGSTGRPKGVMLEHRALCNRILWMEDEYGLSPEDRVLQKTPFSFDVSGWEFFWPLITGARLVLAAPEKHKDPYYLRDTICRSGITVLHFVPSMFHSFLGIAEVERCNSIRKVFCSGEALTVQHTTRFFETFGDRELHNLYGPTEAAIDVSYYACRKEASVVPIGKPIANIRLYILDSRMNPSPIGSEGELCIAGIGLARGYLNRPDLTADRFFPDPFASTPGAHLYRTGDLARWLPDGNIEYLGRIDNQIKLRGNRIEPGEIEVAFREHEAVSECAVVVQQDERGERRLVAWFSPDARHARAILKHMEMEAQGLLADRKRHTLPNGMEIIHLNPGETDFLYQEIFEDNGYLKHGLAVLPGDCVFDVGANIGLFSLCMAREQVQVHAFEPMPEVYEVMRLNTRMYSDTIRTYPCGLSDAPGQETFTYYPNVTILSGAHADLEEEIGVVRSYLSGENDGHEHQVNDAEVDELLRARLETREVRCQLRTISEIIAEQGIKTIDLLKIDVEKMEHKVIEGIAAKDWPKIRQMVIEVHDIENRAQQMQALLAAKGFTVVVEQDDALRNTPIYSLYARRTSVRTDQPHVNTDRQWYNRAGLVRDIELHLASRLPEYMQPSAIIPLVEIPLTTSGKLDRGQLTTREIERTRTKQISLPQSEVEEQMLEIWEDLLGIMDISLEDGFLEAGGNSLLAISLIERINKTFGCSLTTTTLFKYPSIKELSAHIAATTTPTVAVAAAPTVLPAVATATPETPVSQAFSDIEAALAEHPSVAQSVVFARENKGQQTLVAYVRPNWTYFRQKKADQDAAELLKNWIPIWEQNYEPILDGEESSEETLNSIGYVTSDSGDQIPEAEVRECVDLAVGQVMDHRPTKMLEIGCGSGMLLFQLAGRVEHYYATDLSENAIEHIHASLVSKPYRDRVTCFRCDASDLKDVPLEEVDTVMIHSVIQYFPGIDYLTNLIRTLAERLPARARIFIGDVRDLRLLKAFHAAVLAHQCPPETSRERFAQMLSDRVRLEKELVIDPLYFKNLTRTLPRIKQVRIAPKKGQYHNEFIKYRFDTLLYLDEPCKEGALPQITPWPEQSPGDMLDWVTANPQSRLLTGVPNRRVWREQAILDWMNRPEGELSLGAALARIDATPDHDKGVDPFTVLSTCNTEAVAATIHWEHPHEDGRFEIYLQPASKGVGELPHRLAYKQDEPMELDGANFPGFSVVWQDNLPLLKRHLDERLAKGRIPARFIFQTSLPTTADGQVDRAAVTGEQPAPPTVPTAIAGTEPMLAAAPVAHRAAKTVLPAYYADSFAIIGISCHVPGAQDHHYFWQNLLNGHESVALLSAEELAAAGIAEELRQNPNYVPARLTIEDKDCFDPAFFNISPRNAAYMDPQARLLLLHSWKAMEDAGLAVGDTPETGVFMSATTNFYQLPLGLPVHALQGADGHAAGIQAQGGMIPNTISYHLGLKGPSMFVQSLCSSSLVGLKLACQSLQAGEAKMALIGGANLFAFSRVGHLYEPEMNLSDDGHCRTFDAAATGVVEGEGVCVIVLKKALDAVADRDHIYALLRGISLNNDGADKAGFHAPGVKGQAAAARAVLTATGVDPTTIRYVEAHGTGTPSGDAIEVAALSEAYPNGTHRCAIGSLKPNIGNLDTAGGLAGVIKVALGLYHGAIPPQINFNEPAPDIDFTDSPFYVPTQAEPWQDDKAPRRAAQNHYSLGGTNVHAIYEAVAPASPSPAAAGPFIVPLSARDDNRLHEMVQNLIAFLQGEPATDLSELAYTLQVGRVAMKQRVAFLVRDNEALSALMHDFLAGRENSACLRGTAERREQRLFENDEDAKELMQGWLRKGRLEKLAELWVKGVRVDWRCLHATPYPRRISMPTYPFARERYWIPETAPDAPAPMALRTTPQPVAVPVAELASRTHGSLLSDQVAVVLKGIISDLLMVGIDDLDPISPFNEFGFDSVSLISFANRLNQEYDLDLKPMVLFENPTIQSFTTYLVETYGDILAARLQAPAPGSKDMDSRADSQPPQGLVVPPSPSPVMASTPAVRAVAMPQPSESARHDAPIAIIGMSGSFPAAPDLDTFWENLRDGRDCISEIPPDRWDWRAIEGDPSEDGNKTKVRWGGFIDGVAEFDPLFFGISPREAESMDPQNRLLMTHVWLAMEDAGHSAQSLSGSDTGIFVGTGDTGYASLMGRAAGTENYAFLGIFPFGGPNRMSFFLNLHGPSEPINTGCSSSLVAIHKAVTAIRDGSCRMAFAGGVNTVPTPDGHISFSRAGMLCEDGRCKAFAANANGFVRGEGVGILVLKPLADAEQDGDHIYAVIRGSAQNHGGRSNSFTAPNPKAQAALLTEAYTRTGVDPAHVGYIETHGTGTHLGDPIEIEGLKTAFRQLNGSQTENKGHCGLGAVKSNIGHSEMAAGIAGLIKVVLQLKNKTLAKNLHCQEINPYIQIEDSPFYIVQETRDWSPIRDAQGRALPRLAGVSSFGIGGVNAHVIVEEYIPPVAAATPASPEPALIVLSAKNGERLREMAANLHRFVAHQAVQSDVEPAQLLANLAYTLQVGREPLEERLAFTVTSLDMLRDKLAAFLNKGSNGTTDTTFFHGRIKQFREALTIFMSDDDMQTAVDAWVAKKKYAQLLQLWVRGMHFDWNRLYTTEWPRRMSLPTYPFARERYWVETEPAAQPASTFPASPSSARPETQARRLLTPGLAEDASSGESSGQSRQYIENRWTPVPLAGDIDWQARLKQQEGTAITVIYSEEKRKDELFALLRNLEGAANLARPLMLDAVHVQDLARALGRADVVLFLGPGPELPPQPPSTVATHVDALVEHLREPAWDRPVHIYCLYEGDATRPRPDCEALAGVMNAAIAKNPRHAWTLIGHCDPESDTTGYQRLLGEWLAEPIANAPAKPTRTREIRYEASQRLVRQTATVAKTENVLAKVWEQKNLPTGDARPLAGKILVIVNPESIHLGQTLFAATNEVVLAGDGLSDRITYHFDPNDVNSGRSAAQRILSEVGELTLILDLSDLYTTPRERAESSLGKVSFYQILVGAFSPYQLVYVTLGLQHFRAERMSLAGAKFAGLVKMMSAEYRHLSARCIDIDRALCNDPRAFEAVILGECHMPLEETEICYRHGDRFVPTLEVGEPARYDRDEVNRRFSITADGVYVISGGTSGIGLEIARYLVSRGARRLVLMGITPLPPRDQWVSTIREGENARLAALNALAAELERLDIYTGTLSNAAALANFFNRIRRESGPIKGVVHSAGVYSDIKNSAFVTRDIEDMRQILEPKVNGMEHLAECFADDPLDFFVSFSSLTSFIPLLARGISDYAMANAFLDFFSAWQHHHQRTHYRAITWVDWNETGVAQRMTPEEFALVEKNLERVGLSSFSNEEGRHFFEQAMLLPNQHHVLPCFIDAARLNAARAELLHGISRNLAESVPETPHPVVKAAPMGAALPAVSNMDRRDDLVSPDWQLKARVTQWEQQGEALSFETLTRYVSFDQLKQQDPTLIQRVYQLLYPDEPAAIGNDSVSPKPSESDGEPISEIVYRALLDVLKIDGIDEHESFANYGLDSISAMVFSTRLEKRLDMEIPPHWLIDFPTIQTLSEQIQQNQVLA,mibig,uncultured Candidatus Entotheonella sp.,"NRP:unknown, Polyketide:unknown",BAP05589.1,calyculin,24974231,10.1038/nchembio.1573,calA,O-methylation of serine,final np structure,no,yes,"two MT domains, the other is methyltransf_25"
BGC0002011,BGC0002011|c1|17590-18447|+|AMYAL_RS47350|FkbM_family_methyltransferase|WP_084702269.1,MNTYWNNSLSVPIHTGYDEFLRLTEGFENAMFSDHAIGDDLVVMASKTDHPESVWSEVVESRAYSKGISNLAPGSVLVDVGAHIGLVSLHFARTVPDARIYAFEPASASFRCLKENCSRYAPGAHVANFAIGSANGEARLTYYPHRSTMSTLYVDDEEDRHNVRILFDQVDPSPEFRKAFWDRFDRGVRQETVPMTTLTDALSGADIDEISFLKIDVERAELEVLNGLAEDHWAKVRRMAIEVHDRNGRLAEISELLNRHGYRVEQFREKYFSGTDIHMVYADRD,mibig,Amycolatopsis alba DSM 44262,Polyketide:unknown,AMYAL_RS47350,"ansacarbamitocin A, maytansinoids",31299158,10.1021/acs.orglett.9b01891,orf9,orf9 performs O-methylation,genetic knockout studies,no,yes,genetic knockout studies
BGC0000026,BGC0000026|c1|28925-29644|+|AAK83186.1|putative_methyltransferase|AAK83186.1,MPVPQLNDWYDQLTVEIIERVCAPDSGCLDIGAGGGEILTHMRRAAPRGRHFAVEPLPQYAEQLRRDFPEVTVWQAAAAATPGRDSFVHVVSNPGYSGLRRRPYDRADETLEEIAVDTVRLDDVVPEDARVDLVKVDVEGGEVGALRGAAELLRRQSPVVVFEHGGDHAMRDYGTTSDDLWALLVDDLGYTLYTLPGWLAAEPGLDRAALAAELRTQWYFVADRGPLSARSPRGEVHST,mibig,Streptomyces viridochromogenes Tue57,Saccharide:unknown,AAK83186.1,avilamycin A,15489167,10.1016/j.chembiol.2004.08.016,aviG6,AviG6 responsible for methylation of the hydroxyl group at position 2 of the D-mannose moiety,"genetic knockout studies, confirmed by HMBC, HPLC/ESI-MS analysis",no,yes,genetic knockout studies
BGC0000222,BGC0000222|c1|32359-33168|+|BAJ52700.1|putative_methyltransferase|BAJ52700.1,MTGPAKAPADRTYEVTLPDTRRIVSPEPHQVAVLWRDVTGNELYARGADGLAAGDVVFDVGANIGLAALFFTGLVPGLRVYAFEPAEDCFACLKENAARHAPGVTPVQAAVGAREGTAELTYYPQSPAQSSLFPDEDEDRRNSLAYLANSGIHGDSARAFLAEMHQGRRCPVRVTTVAAAVEEHAVDEIALLKIDVERAEQHVLDGIGDACWPRIRRVVAEVHDTDGRLDAITGQLTRRGFDVETGQEPLLAGTDVHMLLAVRSAVRSR,mibig,Streptomyces sp. TA-0256,Polyketide:unknown,BAJ52700.1,FD-594,21102601,10.1038/ja.2010.145,pnxMT2,PnxMT2 catalyzes methylation of the terminal olivose,"heterologous expression, in vitro enzyme activity, final product confirmed",yes,yes,NA
BGC0000287,BGC0000287|c1|611-6985|-|PA2302|AmbE|AAG05690.1,MSASEDLQSAVQPAASEALEGFPLSPLQTRAWRRHAERPENTVVGVRLHAPADPVATLERLRRALDGEAQLRVAYRTMPGMSLPVQVLDGRAADLLVERLPGDGDWAGRFARESARLAASPLGGEGQPVLALGLLLDAAGETLQGLLLAAPAFVVDAASLVALLRRGLGPAGQASADEGDEALLFQHFSEWANEALAGEDGESASGYWREQAAVAAESPLALADDLGEGEWTARRLLPRALLERLAANGLPEAAALLAWTQVAGQFQGDEGLPLEMARLVSGRLFNEFAELAGPFAGVAPLCLENVRAGSVGERLDALQAAILAQEEAAALRDPFAPDWPLAELGFAWLAGELDGAGVAELDCRQPPLGGFLELQVLPHGEGRLASLRVRRDHDGTLAGRLLDAWVECLESIAADRQLPLAGLPLIGAAERERYQAWQGERVEPAPVESLVAAFDLRAALQPQAPALLDAHGSLDFATLRARSEAVAEALLAAGVRPGQAVAVMTGRNREAIVALLGVMRAAAVYTPVNPEFPAARVERMREAGGIVFALADAECAGRAREAFAGACLDLSTLPLAGSGMSLPAPGGRDAAYMIFTSGTSGQPKGVVVEHASALNLSQALARTVYANVVGEGLRVTVNAPFSFDSSIKQILQLLSGHCLVLVPQEVRSDPQRMLGFLEERRIDVLDCTPSLFRLLLQAGLDDAHPALPGRILVGGERFDEASWEVAAGWRRCQVFNLYGPTEATVNASLARVAEHARPTIGRALANVDLHVVDGLGRRKTRGASGELWIGGAGVARGYAGDAGEAAGRFVEEGWPGSGRLYRSGDLVRWRADGCLEFLGRIDEQVKINGYRIELGEIRSALLEHPAVGEAAVLTDEADAAEPGADRRIVAFVTAAEETADESWLEVDLPSGHRVAGLNLNETEYVYQEIFVDEVYSRDGIVLPPDAVVLDVGANIGLFSLYIASRAPRARVVAFEPLAPIRRRLEANLGRYAPQVEVFGIGLSDAEREETFTYYPGYSTFSGIAEYADASGERDVIRRYLSNQGEEGGANLLLDNIDEILDDRLRAEAHRCRLRRLDQVIGELGLERIDLLKIDVQRAEMDVLLGLDDAALAKVRQIVLEVHDKRDGATAGRADALSDLLRRHGFEVSIRQDALLEGTDRYNCYAVRPGYAESLAERIDWRALAPRPAAALGGELSEQALRGFLEARLPAYMLPSRIARVERLPLTAEGKLDRRALLAALAAEAAAQTLEAPANATEAALLEIWKSVLKRPAIGVSDNFFQVGGDSIRLIQMQVMAREAGLAFTLRDVFNHQSIRELARLLAAPASPADALGTSAPQSLEPFALLSAAERKRLPEGLDDAYPMTSLQQGMLLQSEASGDPRLLHNVVLHEVHGRLDGELLARAWAILIGRHAILRTGFDLHGGQVPLQWVHPATAVAAEVPVHDLCGLDGETRRLRLRAWIEEEQATPFDWSRPPLVRLAALALDERRFALGVAEHHSVLDGWSLQSLVDELLAVYADLLAGVVAREAEAPAVGFRDYVALEREAEANAASALFWLDYLAGARYRPLPGLAEEGPRRMAAVRVDVPADSLSRLRALAERSGLPLRSLLLAAHGRALCRFSDADEVVTGFVSHGRPEEPGADRLLGLFLNTLPCRLSASVDLLDSARRAFDYERASLEHRRHPLAAIRRRNRELRLDSLFNFVDFHQDDAAPAGVRHGGILDQVVVDVDVPLAVDFEVAGERLEVGFQYAAGRFPAERAEALAGAYREALLALLGDPVQPPAAAQAEDSVELRRVLKVLSRVLGRPLAADQGFASAGGHSLLGVQAIAELRRLTGRQLSLGLLQGDPDAREVVRRCHAADAPPLPPATERARALWLQRSGSAQPRLRLIALPPAGGNAGTFRGWDARLPADVELLAIQYPGRQERQDEPFVTDVEAMLCAIDDALLPLLDRPFALIGASLGGMLAYELAARLESLHGLRARQLFVISSRAPGPDLEYPRFHAMGDAELLRTLREYDVLPLEVLDDPELREISLATLRADSRLAADYRYRPREPLAIPITAILGEQDPGVSRVAIDGWRRHASRYELETLAGGHGLVVTAAEEVCAILRQRLAPDVPGGVPANLAT,mibig,Pseudomonas aeruginosa PAO1,NRP:unknown,PA2302,l-2-Amino-4-methoxy-trans-3-butenoic acid,25814981,10.3389/fmicb.2015.00170,ambE,O-methylation of L-Glu to AMB,MS_only,no,yes,NA
BGC0000378,BGC0000378|c1|21587-37369|-|ABV56588.1|KtzH|ABV56588.1,MNEGRTAVIPISFAQRRLWFIDRLEGPSAVYNVPFVLRLRGDLDVDGLRAALRDVVVRHEGLRTVFAEDDDGTLTQRVVPVEALAVPFSVHDSRPDEVDAAIAEAVTHRFELSSDIPVWARLLRCSRTEHVLVLVIHHVAVDGESMAPLARDLSAAYTARHGGVAPDWAELPVQYGDYTLWQRELLGDDQDPDSVLSRQLGYWRRELAGSPDQLRLPTDRPRPAEASHRGDVVAVDIEPGLVAALRDLALAKEMTLAMVMQAGLAVLLHHLGAGEDITMGATIAGRTDEALADLVGFFVNTWVLRTDLAGNPTLDRVLDQVRDKALSAYDNQDAPFERVVEAVNPERSTAYHPLFQVMFTWQSEPSVALDLPGVTARLEAVGTGTAKFDLEFNLAEGDADAGMRCDLEYATDLFDRDTAEAIGRRYVQVLRGLAGDPAARVGAVDVLSDHERDRLAAWNDTAAAVPDVTIPELFERQAEATPDAIALVHQGRELTYRELRESVDRLARVLVRRGAGPERLIGLALPRSADLVVALLAILKSGAGYLPLDPRYPSGRLDHVLSEAAPTFVLTDAATAHVLPGRELPLLYLDDLALDDGADIAVAPRPDNVAFVIYTSGSTGKPKGAVITHRGVVNGVTALARVVQPRPGTRTAAGTSINFDVSVFEIVTSLASGATVEILRDALELGERESWSGGVLSAVPSVFAEVVDDIAGKATADSVVFGGEELPMSLVRRVRAVLPGVRVVNPYGQSESFYATAHVVSDEVPDDASGGAPIGAPLGNMRAYVLGPGLRPVPPGVTGELYVAGEVGRGYHGRAVSTAERFVADPFGPAGHRMYRTGDLARWNADGQLEYLGRNDDQMKVRGFRIEPGEVEAVLAAHPGVRQAVVTTHDLAGTRHLVGYVVPVDRSETDAEASRHHNVDLTKGLSTAEVRAFLVDRLPEFMVPSVLILLDRLPLTPSGKVDRAALPAPEFTGTAYQAPRTTEEEILSAVFAEVLGLDQVGVDDDFFARGGDSIRSIQVASRARSRGIVVSPRQVLQSRTVARLAEAAAAHRDAVKPVAEPAGGGVGTVPLLPMGRYMLALGGGFDRFSMSMMLDLPDGIDEAGLLATLRAVLDHHDALRSRLVDGELRIEAPGAVDVAALLHRVTWDGQWDQVAAEGLETATARLDPAGGVMAQFVWFDPGRLLIVLHHLVVDGVSWRILLPDLAMAWEQVHAGRTPALPKVPMSLRSWTHGLLAEAPKRGTELPLWRAITDGPDPLLGSRPLDPAVDVASTVEHVWVRLPEWVTESVLTAVPKAFHGGANDGLLTALALAIVRWRKARGVDEDSVLIRLEGHGREQEVVPGADLSRTVGWFTSVFPVRLAVADAEEAFTGGPAAGAAVKAVKEQLLGIPDKGIGFGMLRYLDEAGAAELAGLPTGQVAFNYAGRYSRADIPENLRGLGWTRSAASAELIAAPNPDMPALSTLDVNALVTDTDQGPRLSARFSFPRGVLDRAAVRELADLWCAALTALARHVSEPDAGGLTPSDVPLVSVPQRQIEAWERRYPALADLWPLTPLQSGLLFHAMLAGAQYDPYQNQLVFHLSGPVDPERMRAAGQALLDRYASLRVAFAATEDGDLVQVVSDGVELPWRHLDLTGREQELADVLDRDRTEHFDPAVPPLLRLTLVTLAPDRAELVFDAHHVLFDGWSVPLIMGDLLRLYAAAGDGSALPHVRGFRDFLDWRAGQDREGGLRAWAAEFADVTEPSLLAPAASSADAIDVSQVYVPLTPELTRELSRRTAELGVTLNTLVQGAWAVLLGQLTGQRDVVFGTTVSGRPPAISGIDSMVGLFINTLPVRVTRRTTDTFVDLLTRLQDRQVALFDHHHCGLEDIQQAIGMAPLFDTFVVFESFPVDHVGLLEANTETDVTVTGLSPHGGSHYPIAVVAEADPNLNLLIQYQTHVFDRDAVRAIAERLGRVLRQFAADPTVPLTAVDLLDPAERELVLTRWNDTHHPVPATTIPALFEQRVADTPEATAVLCEGEAVSYAELDRRAERLARRLAARGVGPETTVGVMLPRSVDLVVALLAVLKSGAAYLPVDADHPAERVAFVYADARPLLTIAAEDAPVPEGEPRLAVDESIVDDGVRVTPPMPANPAYVLYTSGSTGRPKGVAVDHAAIVNRLLWMRDNYAVTERDRVLHKTPLGFDVSVWELFLPLVTGATLVVARPDGHRDPAYLAELIRRTASTVAHFVPSMLAAFVAEPAAGDCTSLREVVCSGEVLPDSLRDRYYAVLGARLNNLYGPTEAAIDVTAAPCPPQGPVTIGEPVWNTRVYVLDQWLAPVPAGTAGELYLAGDQLARGYVNRAGLTADRFVANPFAPAGGRMYRTGDVVRWTGDGRLEYLGRADHQVKIRGQRIELGEIENVLAGHPGADRVLVTAGDSGTGDRQLVAYAVADPGTAAPAATLSRLRRQGRLDGRELHELPNGMLVCARNRSNTAFLYDEIFVRDEYLRAGVSLPERPCVVDVGGHVGLFSLFVKTRRPDCRIYAFEPIPELAEMFRINAELHDIDAVVTNCGVGATAGTARFTYYPDMSMLSGRFADEREERRMLERVLRNERLADLDDGVLDELLAERLRGQQVDVELRTLSDLIREQGIDRIDLLKIDAEKSELDVVRGIEPEHWAIVRQVVAEVHDIDGRLKVFLDLLRERGFDTAVEAEADLAGTGMYSVYAVRPGAALAPMPAPADNSSTWYDPDRLADDLRARAKAQLPDYMVPAAVVVLDAFPTTANGKLDRAALPAPTVDGRRPSRDPRTPVEAVLCGLFAAVLGVPKVAIDDNFFTLGGHSLLATRLVSRIRSATGADVPIRAIFDAPTVAELSARVGAGSSNRPELRRAEVLPERVPLSFAQRGMWFADRLAGPSPTYNSPVALRLTGVLDVDALGAAVRDVVVRHETLRTVVGEDADGGTFQRVVPAGEVSADLPVVAVDPAGLPRAVAESIAVPFDITADLPVRARLFECGAEDHLFLLVIHHIAWDGESIAPVMRDLMAAYACRRRGEAPDWPEPALRYVDYTLWQRELLGERSDPTSVVATQFDYWRTELADVPQPMPLPTDRPRPAVATHRGGIVPFDLDHDLSTAIRELAAARGVTVPMVLQAAMALMLHRLDAGDDITIGSPIAGRTDEELAGLVGCFLNTWVLRVRVPERPTFAGILAQVRDKALAAYDNQDVPFERLVELLNPERTLAYNPLFQVWFAWQGAPDEKIRLAGLRTRVQDVGATTSKLDLSIIMSDDPDGIRGHAVYGTDLFDRATVERFAATLILTLRDGLADPDAALRRGDDAWSAADRTALSTSDGSDLALVEAALAAHPRVARSAALVQQTGDSESRIVGYVEVAVRPEAADMLEFGPGLSTVELREFLARTLPDTLAPATFVIMDELPLGPDGTVDRAALPEPDDDGREIRAPRTDAERVLAELYADLLGVDRIGIDDDFFTMGGDSIRSIQLATRARARGVEIAPREIFELRTVAELAARVADKADQAVAAARPEDDGVGWMPLTPMGARLVEQKKIRRFSMFTIVDLPADIDEAGLLATLTAVVDRHDALRSRLVSGGLRVQPAGSVEVAPLLRRAGLGADLQRELDDAIGRLNPTKGVMAQFVWAEPDRLIIVAHHLVVDGVSWRILLPDLASAWQSVRAGRTPRLPAVPTSLRRWAHALLDEATTTGRMAELPLWESIVDGPDPVLGSRPLDAGVDVRATLDQLDVRLPASVADTLLAQLPVVYRCGIAEGLMAALALALTRWRRTRGVDESSVLLRVEGHGREEAVVPGADVSRTVGWFTSAFPVRVDIPDAERASAVDAAIKAVKQRLRAIPDKGLGYGLLRHLNDETRETLEQYPDGQVTFNYLGRFSVADTPRRLRGLGWTEVAEAADMVTEFDPDMAVLSAVEVNAYVAEDDSGPAVVARFGFPTGVLSRDEVGELVELWQTALAELAGRLTAPDAAGLTTSDVPLVAVHQGEIDAWQRNYPGLADIWPPTPLQSGLLFQSRLAGRTFDAYHVQRVLRLTGEVDPVRMRAAGQALLDRHANLRVAFVSDARGEWVQLVPGKVALPWRLADLRELAPDDREAERARVLAEDRAEYFDPAVPPLVRMTLVLTGPAAAELVLTTHHVLLDGWSLPLLVQDLLKLYGSNGDASALPAPPRYRDFLRWLRDRDADATAGAWASELDGVREPTLLAPDDRSDTEAGTGQREVPLRAARELARRAAELGVTMNTVVQGAWGIVLATLTGRDDVVFGTTVSGRPADLPGADATIGMFINTVPVRVTCRPAETLRGLLRGLQQRQGALLEHHHWGLTDIQRTVGLPMLFDTVTVFESYPVDGADVGAAGTAAGVSVTGVTSEDGTHYPLGVAAIADPYPRIAIAYRRSAFDDAHVDRIAALFGRVLDRITTDPDLPLGRLDGLDAAEREHLLTGLNVTAPPPPARTIWELFEAQAVASPDAVAVAYADQELTYRDLRARSERLAAELVRRGVGPESVVAVMVRRSPELATALLAVAKAGGAYLPIGLAEPAERVGYLMSDSGAHLAIADRTTAAPLAGLVPDILRVDELTAGEPETVAPVEDGAVAVDNTAFIFYTSGSTGQPKGVAVTHRGVAAMAAAHVERLAASAGSRVLQVLSPAFDVSLCEMFTALFSGACLVFAGEEDLAPGAALTGTLNAGRITHASIPNSALALMSPDAVPTLRSLATGGEALPPDLMAAWARGRRMINIYGQTETSAAVTMSAPLTGGVPPIGRPIPGCRVYVLDGALRPVPQGAVGELYIAGIGLARGYTGRPGLTAGAFVACPFGAAGERMYRTGDLVAWNDRDELMFHGRADDQINIRGHRIEPGEVEGALVALPGVARALVTVDENGGDRRLVGYVVPEGVPEPGLTGALRERLRERLPAHMVPAALVLIDDIPLTPNAKVDKRRLPAPDRADRPTGRAPRTAREQILCGLFAEVLGLDRVGVDEDFLALGGHSLLVARLVNRILAVLGIEVPIRLVFEHRTVAGLAATLVPGGEPVVTEDPLAPVLPIRTGGAREPLWLIHPGGGTCWPYLGLAALLPADRPAYGIQAKGFDGKTALPDSIDAMVADYADEILAIQPTGPFHLMGLSFGGTLAHAVAAELQHRGHEVALLALLDGAPADYLMEQGPPTEAAIRDHYTEHLVGVADGADQREAVENAVAVLVNQTKLMRDFTSPSYRGDVVLFNAVPKSRGSSADRWRPHVTGAIRQHDIVSAHEELYRPGPAAEICRIIDAELRG,mibig,Kutzneria sp. 744,NRP:unknown,ABV56588.1,kutzneride,17940045,10.1073/pnas.0708242104,ktzH,O-methylation of serine,predicted,no,yes,bioinformatics only
BGC0001350,BGC0001350|c1|5894-21055|+|AMH40422.1|PKS|AMH40422.1,MRDKKIAVLKSDHPLLMNHVVLTRPILPAVGYFDMIFESMSHVLDPGQLGMFPWKVSNAFWLAPLSVYQRELAVELELDRTPQGFDYRILSGGEQQLITHASGSLGVRESIEIQTSETIDVEALVGELPNQLDASAVYQTFEDNGIAYGEPFRCIESFYFSECAAVGHLVRPTAVVGHPDCFPGLLDAAIQCVLLLVRQIHPTVAVCVPFSLGEILVHEAPGNQCFCLATLKTEGHNDSHFSFDVQLVSEGGKLLGEMQDLCIRAFSPQKTGKAGGSHHQSDNEQNGEMAIASRLWAVASTFTAEPLEAPLMDLSRQLDWDTRVEFAPYNQIYQEFLNPRSLLSQNRSGANFLVIRLEDFQASVSEAGVSPDAGDNNSLPTGDECYQLPNGMTIANLNPYETRYLYHEIFVEQTYLKNGIVLEEGDVVFDIGANIGMFSMFVAQHCKGARIFACEPSPICFQILEQNLFLHAPGATALPVGVADDDREAPFVFYPKSSVFSGFHADDQEDGHALRQAIINEYSQRFEATDMETLGEHLDGMVDARLQKETYQCQLRSLSSLITEYQIEEIGLLKIDAEKCEWDILSSIAPDDWPKIRQIVVEVHDQENWKLSQRVTALLREKGFEISTVEEDLLKGSLLCNIYGKRTRSAMFARRSALEIGIQRNLEDWVSLLKRAAASRSLPHLVVVCPPSVKALATLSNEFLQTTEAWLRETLSHEDGIDVISMTDQASVYDWGDYHDPVRDAMGHIPYTPRFFTGLASNIVRRLHCRQREPYKVIALDCDNTLWSGIVGETGASDIVVNNDFQILQTFMLAQKQQGMLLCLVSKNDLADVRRVFETRDDMRLKWDDFVACRINWQPKSDNLKSLSESLGLGLESFVFLDDSPIECAEVRAHCPQVLTLQCPAAEKDIPSFLNHVWAFDHARKTIEDGHRTELYKQQARREDFRRQVSSFAEFIESLELDIRITEPCPDDLARMAQLTQRTNQFNFAKRHYSATELRQLSEESTVGSLAVKVADRFGDYGLCGLMVFRAIADCLKIDAFLLSCRVLGRGVEYAMMAALGREAEKRDLGTVEVAFIRTPKNHPAEQFLQELGNPLRRSENNVEVFSFSASELSRLQFVPPEQVPDDMEASVTAVMPATGASPAAFMQRLAEHGGFLEPDESLPVTPNPIIPNIKPGGGDTDAALQRIEDMVTASVRSCLDSPAVAIDRVKPFSEYGVDSMANIKLVVTLNQTFEIVLPPTTLFDYVCVRDLSAYIYHDYPEVVERLRAAESAKAEPTKPLTVSPSGASMDSGGHQRESSADKQDTQSIAVIGMAGRFPGGRDVRAFWQMLRNGETCITEVPTTRWDINDYYDPDPTKSDKTYGRYGGFLEEIDCFDATFFGISGREARQMDPQQRVFLEESWHALEDAGYAVRSLEGSSNWGVFVGADAGDYQAYLRKAGLPLDASAFMGNDASILAARIAYFMNLKGPALTVDTASSSSLTAVHLACDSLRKGDVSLALAGGVSIHVMPDFHILCSKAGMLSVDGKCKVFDDGADGFVPGESAGVVVLKRLADAIRDGDHVYGVVKGSGMNQDGRTNGITAPSSLSQTQLIQTVYRKLGIDPADIGYVEAHGTGTKLGDPVEIKALTDAFRQFTDQQQCCAIGSVKSNIGHCVHASGVCGLIKLLLSIHHGQIPPSINFSKPNQHIAFDQSPFFVNTQLRDWEPNAQGRRIGVLSSFGFSGTNVHMVVEGPVAELSVPPQPTTVEAAALFVFSAKSAERLQTLMESWRDYLSDGQTLNPDQFQDLAFTLQTGRESMAHRLAIVADDHGELRQRIADFLRNPATPGCFVGVMQGGQHSDQTPGETTIREWFGRQQFDEIAAAWVGGSVIDWSALHVAGRRRRLHGLPGYPFEKDRYWLPETSHQGQEQTSEKSSLNHGQVPSHGISLELPTASRFQPAATTMGQHRLTPLESFAQPREAQLSSSAEVHSRGFFPWHQDGDGVYRIVVGDATPSWASLAQSLEMVASQTDARVVILSADSGFAGPKDRRGPDLFQLLTEFELPIIAAVKGRCRGAGCLLVSLCDFMVCAEGAEFQFQPPGEWRLSQREQAFLQERFGPKGDGLWSDQRSFTGIQLKAMGLLLPVVSADRVNAHAASLASELAQAPKESLVQLRRHLAQMLISRAAVPQAAVGGIAGANSILLEDLGRSAPLLLQSDVVRAEAYGGGVLLVTLCDRNSRNTFSKAFIAGINEVFALVRDNPRYKVLVLTGYDSYFACGGTQETLLSIQGGTARFTDDKIFSLPLECEIPVIAAMQGHGIGPGWALGMFCDQAIFSEESLYFSPYMQYGFTPGAGATLIFPDRFGWDLGREILFTAREYKGHELRSRGINMDVVLPRAQVLGQALQRAGELARQSRHELVRRKAERSRLLRTLLEPNYAQELAMHDKTFVGNQEVQERIRKYYNSGMAVAPSAEKTAVSSAASTHHRRDQVLEFLRRTLADELQLKLERVDSHGAFVDLGLDSITGVTWVRRVNQHYGLSLLAAEVYNHFTLNKFADLVLARTVDQDGGEPAPPAEAPLPVIITPVATAADSDVVNAILKTLQITLAEELLIKPERVNPETPFVDMGLDSISGVTWVRKINQRYGVKITAVEIYSHPTLRQFAEFMARITQAPSPETPQAPLLPQAETPVTTQAPDPLPKPPPKPPVVTPQPRAGIAIIGMAGQFPKAPDLNAFWQNIAQGLDCVTEIPQERWSPADFYNSRDHAPNHPPHKWMGVLEDVDKFDPLFFNISPREAELMDPQQRLFLEASWACIEDAGYDPSSLSGKKCGVFAGCGAGDYGLSLEADGLNAQALMGGAASILPARIAYTLNLHGPCLALDTACSSSLVAMAMACDSLVAGNSDMTLAGGVTVLAGPAMHLMTGNAGMLSANGRCHTFDQRANGFVPGEGVGVLLMKRLEDAERDGDRILGVIRGWGVNQDGRTNGITAPNGDSQTRLQRQVYDRFNIDPATIQYVEAHGTGTKLGDPIEVEGLKQSFRQYTDRRGYCALGAVKSNIGHSLMAAGVAGVIKILQAIRHRHIPPTLHFETLNDQIDLEGSPFYVNSAGQAWVAPPGQTRCAAINSFGFSGTNAHLVIEEYGALTGDLGVSQERLESPAMVVLSARTEEQLQVSGQNLLTYLEQQLDCPDTVVPDLLSIAYTLQTGRQAMDERVGWVVSSLDELMQALRSYLAGETNERARGHAKHGQEVLGCLNTDGDAAEMLRAWARKRKFSHILSLWVRGLDVDWHLFYDQGQPRRVSLPTYPFARQRYWMHKARLLSSDAGSKSVNLPPPLAASPPSSLSSLLIFEPGWTAHPVADHGLSEPPSFHERHVLFCGLDQSLGRECAARLEGVMVHHIPSPVLASDQGTLEAQLGHAALQVFKLIQKLIQGLNSPEKLLLQVVVPHHGGICLHGGLIGMLKTARAEYKWLVPQLIELDGQALFSETVARVNDCACHPDDLHIRYHGHDRYIRSWQETVPASTEKSFDWRQNGVYLIVGGGGGLGSIFAEEIARNTRSATLILVGRSPLDGDKLAVIERVRSLGVQVEYRQANIADRADTDTLIQSVQHAYGGLDGILHCAGITRDQIIREKKVEDFAAVLAPKLTGTFYLDQASRHLDLDIFLLCSSNAAVLGNPGQVDYATANAFQDVFAEYRSQLVIKGQRTGRTVAIGWPLWKDGGIQTHGAVQAAFKQRYGLTPMPTPWGLQALSQALAAEQPRLLVMCGDPDAMRTSLQMAERGDGQGLDLTSGAPNPEASQIRPQVETILTQIVSDLLKIPTGDLDPSAHLNVYGFDSTLLIELAVRLNTRLGLDLTPAVFFERLTIARIADYIASDYRHALASLIQSRSNGDQGNNTQANNTQVNNTQANSTQVNNTQANGVQANGAQANGAQAQPQCSATVRQDFVAPAEPIAIIGISGSFPMAPDLEAFWHNLNTGQDCITEIPKSRWDWAAWYGDPDHEDNKTNIKWGGFIAGVDEFDPLFFGISRGEAELMDPQQRLLMTHVWKVFEDAGYAAESLSGSATGIFVGTASSGYHTLVEKTGMPIEGHTAIGNLPSVGPNRISHYLNLHGPSEPIETACSSSLVAVHHGVTAIQNGHCEMAVVGGVNTLVTPDVHISMNKAGALAVDGRCKPFSEQANGYVRSEGVGMLLLKPLSAAENDGDHIYGVIRGSAENHGGRAGSLTSPNPRSQADLLKTTYTRAGIDPSTVSYIETHGTGTKLGDPVEINGLITAFNELRETYPLLADGLDVGRQGCGLGSVKSNIGHTELAAGVASVLKVLLQFKHRTLVKSLHAERLNPYIRLQDSPFYVVQENQPWVALRDPQGKELPRRAGVSSFGIGGVNAHVILEAYDGTVRPSSPRVAWPTPMIVLSARNGDRLRDLVQNLLAWVDRSAVASGRAAPSLHGVAYSLQVGRTAMASRLAFVAESFQMMRHKLRHYLQGAGDPGGLFCGEVNGQTYPDVPGPDASQPLVEQCRQSGDYSRLLAHWVNGGTVDWQQCYGDIHPVRVSLPTYPFARDRCWVGVMPQNGHLPLAMEPTPPVAPHDGNLQAFYPGWEALPVPNASGSRRITTTSPLIVGGTPEQIAAIRKQAAATVLTLPVAASPAVVADSIRQQGDVEHLVWIAPSSDLGRELGQSMIEAQETGLFQLFNLVKGLLLLGYGDRSLRLTVITTQTQAVYRSDRIQPAHAGVHGLAGTLAQEYPQWQIQALDLPAAWPVQDIFPPTPPTLDALGTPLAYRDGTWFKSVLLPIRGLDADGNGYRRGGVYVVVGGGGGLGQVWTRWMQEHYQAQVIWLGRRPAAALEQQLNALAKDGLKPAYFQADAAEPGVLEGVLQRIRQRYGRIHGIVHAAMDVFDLALADMTPERFRRVLASRINISVRIAEAVRHQSLDFILFFSSMASFAKAGGYGGYASGCVFMDAYARALNTELPHAVKVVNWGYWGVGSGERVSAQVKRRYQQLGIEPIQPPMGMQGLQTLMQGSLEQMALVNTSRPDAIDGVASAALISRQTDDLPPSLIRNILLQMETHGADEFVSLGHNSRI,mibig,Leptolyngbya sp. ISBN3-Nov-94-8,Polyketide:unknown,AMH40422.1,phormidolide,26769357,10.1002/cbic.201500467,phmE,"O-methylation of dehydrated 1,3-biphosphoglycerate starter unit",predicted,no,yes,"A 1,3-bisphosphoglycerate starter unit is predicted to be loaded onto the FkbH domain of PhmE where it is modified via dephosphorylation and transferred to the ACP domain as glyceryl-S-ACP. Upon covalent tethering, dehydration and O-methylation are predicted to occur."
BGC0001138,BGC0001138|c1|32814-33542|+|AET51865.1|methyltransferase|AET51865.1,MMLPWFRKYGEWEPHESALVESLLRPGDCFVDIGAHVGYYTIRALRRVGGAGAVFAVEPWPVMRLLLERNVAANASGDVAALHVVAGAAWHCDVPLRLALDAGGNSGDSRIARGGAVDAVGIRLDGLEELRERRIAVVKTDAQGRDHHALRGLQELLGRDRPHVLCEFWPRGIRDAGADPFDVLSLYRSWGYDPVLLREAYACPEHHPCLVGGQDDARYVAMAEQARGGFATLWLRPAGRRT,mibig,Marinactinospora thermotolerans,Other:unknown,AET51865.1,A-201A,22064543,10.1128/AAC.05278-11,NA,"methylation of 3,4-di-O-methyl-β-d-rhamnose",predicted,no,yes,nucleoside antibiotics
BGC0001138,BGC0001138|c1|32814-33542|+|AET51865.1|methyltransferase|AET51865.1,MMLPWFRKYGEWEPHESALVESLLRPGDCFVDIGAHVGYYTIRALRRVGGAGAVFAVEPWPVMRLLLERNVAANASGDVAALHVVAGAAWHCDVPLRLALDAGGNSGDSRIARGGAVDAVGIRLDGLEELRERRIAVVKTDAQGRDHHALRGLQELLGRDRPHVLCEFWPRGIRDAGADPFDVLSLYRSWGYDPVLLREAYACPEHHPCLVGGQDDARYVAMAEQARGGFATLWLRPAGRRT,mibig,Marinactinospora thermotolerans,Other:unknown,AET51865.1,A-201A,22064543,10.1128/AAC.05278-11,NA,"methylation of 3,4-di-O-methyl-β-d-rhamnose",predicted,no,yes,nucleoside antibiotics
BGC0001138,BGC0001138|c1|36503-37225|+|AET51868.1|methyltransferase|AET51868.1,MTDHRLGPEQADRLTPTWGWWEPGTVKVMKRVVEPGMVVFDVGAHVGYYTTLLAELVGADGHVHAFEPHPGNFQVLQRNTRALSNVTIVNTAVADDDRPRLLHFSGNTGRHSLFQTEFTGEGGRVHEVPVTTLSDYWERIGRPEVGLVKIDVEGAEAQVVTGARRLLDATPRIRVVTEYYPRNLRWGGGDGAAYLDLLRRSGLEYRAIQDDGSEREEIPRLDGDDYINLLCRRAARPSRG,mibig,Marinactinospora thermotolerans,Other:unknown,AET51868.1,A-201A,22064543,10.1128/AAC.05278-11,NA,"methylation of 3,4-di-O-methyl-β-d-rhamnose",predicted,no,yes,nucleoside antibiotics
BGC0001138,BGC0001138|c1|36503-37225|+|AET51868.1|methyltransferase|AET51868.1,MTDHRLGPEQADRLTPTWGWWEPGTVKVMKRVVEPGMVVFDVGAHVGYYTTLLAELVGADGHVHAFEPHPGNFQVLQRNTRALSNVTIVNTAVADDDRPRLLHFSGNTGRHSLFQTEFTGEGGRVHEVPVTTLSDYWERIGRPEVGLVKIDVEGAEAQVVTGARRLLDATPRIRVVTEYYPRNLRWGGGDGAAYLDLLRRSGLEYRAIQDDGSEREEIPRLDGDDYINLLCRRAARPSRG,mibig,Marinactinospora thermotolerans,Other:unknown,AET51868.1,A-201A,22064543,10.1128/AAC.05278-11,NA,"methylation of 3,4-di-O-methyl-β-d-rhamnose",predicted,no,yes,nucleoside antibiotics
BGC0000331,BGC0000331|c1|2349-12782|+|ABI26077.1|OciA|ABI26077.1,MPTMPDLANQKIAITATFTSEPVEDSLSYWLKAMGFPDSIEFAQYNQIFQELLNPSSLLATNQNGVNVVLVRFEDWQGTKNRLQLTVDDSLKTQLFGQRLRYRLPNHIEIAHLNQYETEYLYQEIFVDRVYLRHGIVLNEDDCIIDVGANIGLFTLFAQQKSPKGTIYAFEPAPHAFDKLQINAKLYCPNTHLFNCGLGGERREETFTFYPRSSVFSSFAADAEQDEKAIRSVIINMLQRDHSLDEESLEKLADEFIKDRLKEETYQVQLRTLSEIIEEYKIKKIDLLKLDAEKSELAILQGINNHHWSLIKQIVMEVHDQEGSTLKQVLRLLEDKGFRFVVDEESMLHGSGLFNIYATRLNLNHNPLSQEWGQNLAQIEQTVKDFTNALKTAITRSPNPYLVCICPPSPTDEKAFNGLHEKLQEQLETELQQNPSICLIKSQELLRTYPVQEYYDPYGDELGHIPYNLTFFTALGTILARKILALKSSPYKVIALDCDNTLWNGICGEDGVKGVKIDAPFRALQEFIIAQQATGKLICLCSKNQADDVFAVFEQHPDMLLQRNHLVNWRINWQEKSQNLQSLAEELQLGLDSFIFIDDNPIECAKVRANCPEVLTLQLPQESEKIPQFLDHIWAFDQLQTTQEDQQRTNLYQQNIQRQRLQENSLSFEDFLAQLNLEIEISPVQKEELTRVAQLTQRTNQFNLTTIRRSESQIKQLCNSGELDCRGVKVKDRFGDYGLVGLLLFTAQEDSLIVDTFLLSCRVLGRGVEHQMLAYLGTVAQEKRLAKVELFYKSTPKNKPICDFLTGIEKGLLQEKKDGVLFEFSAQIASETIFSPRSNVDSLNQKTKINLEETTAKSDSLSYRILNYQFFENIAQNLYNPELILQEIAGQQQRQRQLDGEFVAPRTPLEKAIASLFIEVLKLDRVGIDDDFFELGGDSIRGAILINKLQAQLSEIIHFVILFDQKTVRRLAAYLEEHYPKAIAKILGKAITEINDLSQERIDEAKVLQMRSLIPALTSTVDDERDDNSKNPPAIFILSPYRSGSTLLRVILGGNPQLFAPPELELLGFNTLGERKAQFSGRYNFWMEGTIRTIMEIKGCNAEEAIAIMEELEDKNLTSKQFYRLLQEWLGDKILIDKTPSYSLDLETLKRAERNFHNPLYIRLVRHPLATMRSYEEARVEQTFPYEHPFKRRELAELVWLISHQNILEFLQQVSPQRQYQVKFEDIVKQPQKTIENLCQFLGVEFNPDMLQPYKEKKQRMTDGIYAESRMIGDVKFHQHQSINPDTVDQWKDYYNSDFLGNVTWQLAESFKYPNNNHNIPQISRENPTESQTFPVSFAQQRLWILAQLEPDSPFYNMFKAVHLQGRINLEILERSLNEIIDRHEILRTNFQEVEATPVQVIAPHATLKISVIDLQGLSEQEQSEQLQLFATEDQLQPFDLTTGILLRVTFVQLKSESSALLLTMHHIISDGWSMGVLIKELSSLYQGFLLGHASVLPKLPIQYADFTLWQRQWLQGENQGFITIQNQINYWKQQLAAAPPLLELPTDRPRPSVQTFRGGCLSFQIDERLTASLKELSHKSATTLFMTLMAAYVTLLFRHSDQNDILIGTPIASRNYQELEGLIGFFVNTLVMRTRLEGNPSFEELLKQVRSVCRNAYANQDVPFEQIIETLQIERSLSHSPLFQVMFVLQNVAMEELETPGLKISPLSLDNVNAKFDFALQMWEINTEKGNSLQGFWQYNIDLFDQDRIARMSGHFQTLLEAIVANPQEPIGTLSLLTERERHQLLVEWNDTGKAYPDEKCIHQLFEEQVERTPNHVAVVFENESLTYRELNNRANQLAHYLCQNYQIKPDTLVGICVERSLEMIIGILGILKAGAAYLPLDPEYPPERLQFIIEDSGILLLLTQGFLKEKLLLTNLTNLNQILYLDEQSFSLLLTDNPSSQTKTDSLAHVIYTSGSTGKPKGVMIENRSIVNLALAWSDVFQIQNNSRVLQFGSLSFDLSIGEIATALAAGASLYLAQKETLLPSQILVDFLTENQISHAFLSPSALSVLPQAPLPNLQSLTVGGEACTAKLITEWSKGRNFFNAYGPTETTVCATVARFTKDEEKVSIGRPVPNTQIYILDSYLQPVPIGVPGELHIGGAGLARSYLNRPELTQEKFIPNPFSNYPDSRLYKTGDLARYLPDGNIEYLGRIDNQVKIRGFRIELGEIETVLTQNPQVQSSVIIACEDTPGNKRLVAYIVPQKDATPTPNELRQFLKEKLPEYMIPSAFVILESLPLTPNGKIDRRALPEPEQSYERTDKFILPRNPIEEILVTIWSEGLKVKQVSINDNFFELGGHSLLATQLISRIRTNLQIEIPLRSLFAAPTIEELGQQIQQLQQQDLTLSAPPILPRGEQSELLLSYAQTRLWFLDQLETNSAFYNIPVALRLQGHLNQAALIQSLEEIIQRHEALRTNFVNVNGQPTQVIQTVTNWTVSVINLQHLSPEEQEIAATNLVKGESFKPFDLANEALVRATLIVLNNNEYWLLLCLHHVISDGWSMGVFIEELTALYNAYNQGQPSPLKPLPIQYADFAVWQRQWLQGEVLENQLNYWQKQLADAPTFLPLPTDKPRPAVQTFTGAHQEFQLSLELTQKLTELSQQQGVTMFMTLLAVYGTLLYRYTGQSDILIGTPIANRNRREIESLIGFFVNTLVMRTDCSENPSFQELLMRVREMSLGAYSHQDLPFEMLVEALQPERNLSHTPLFQVMFALENTPLSKIELTDLTIDSLPLEGETAKFDLTLSMQNTETGLMGVWVYNTDLFNRETIERMNGHFLTLLEGIIANPNERVSQLPLLTKVEQQQLLIDWNNTEVDYPANKCIHQLFEKQVERTPNAVAVVFECQQLTYNELNCRANQLAHYLQSLGVKPDELVGIGVERSLEMIVGILGILKAGGAYVPLDPEYPQERLNFMLEDSQVKVLVTQAKLVESIPQHQAQLICLDTDWEKIAQNITSNPESGVKPDNLTYIIYTSGSTGKPKGVLVNHANVVRLFAATDSWYHFNSQDVWTLFHSYAFDFSVWEMWGALLYGGRLVIVPYLVTRSPESFYELLCQEKVTILNQTPTAFRQLIQAEESVKGDISPLLREVGKDSVTETDLSLRLVIFGGESLEINSLQPWFDRHGDQLPQLVNMYGITETTVHVTYRPLSMADVNSTASVIGRPLPDLQVYLLDQYLQPVPVGVPGEMYVGGAGVAKGYLNRPELTTERFISSPFEHSNKLYKTGDLARYWPNGELEYLGRIDNQVKIRGFRIELGEIEALLASHPQIWETVVLVWDDTAGDKRLVAYIVPQPEITIIIDEIRQFLKAKLPDYMVPNAFVILEALPLTTNGKIDRRALPPPNLDISDKYVAPSTPIEEILATIWSEVLKVEKVGINDNFFELGGHSLLATQLVAQIRDRLKVELPLRQLFNTATLAELAQGIEQLKQQKSAPIVPAILPRRRK,mibig,Planktothrix agardhii NIVA-CYA 116,NRP:unknown,ABI26077.1,cyanopeptin,17921284,10.1128/AEM.01475-07,ociA,O-methylation of glyceric acid,predicted,no,yes,bioinformatics only
BGC0000873,BGC0000873|c1|26580-27410|+|CAD62202.1|Ata8_protein|CAD62202.1,MTTDRFIAHDTGSGADIASEVVATDVGALALPRDDGMMLPWFRRHGWWEPHESRLVESLLYPGDTFVDVGAHIGYHTLRALRRVGPAGAVFAIEPWAPLRDLLRRNVAANVPELAGALSVVEGAAWHTDMPLRLRLDPRGNTGDSRVGTSGGPLEVPGVRLGGLAELRARRPALIKTDIQGRDHHALTGLADLLLRDRPHVLCEFWPHGIRDDGSDPAEVLRLYRSWGYEPKLVREAYACPEFHACVLSHRDDAEYIALAEQSRGGFATLWLCPRP,mibig,Saccharothrix mutabilis,Other:unknown,CAD62202.1,A-201A,27731336,10.1038/ja.2016.123,ata8,"unknown function, predicted to O-methylate glycoside residues",predicted,no,yes,"Besides AtaP5, a putative SAM-dependent methyltransferase that could dimethylate N6 of the A201A aminonucleoside moiety, three other putative methyltransferases are also found in the ata cluster: Ata6 (350 residues), Ata8 (276 residues) and Ata11 (236 residues). As Ata11 exhibited some sequence similarity to Hyg6 of the hygromycin A gene cluster (38% identity and 50% similarity over a 140-amino acid overlap), it would presumably be related with p-coumaric acid methylation which occurs in both these antibiotic structures. In addition, and given that the two glycoside residues in A201A are O-methylated, Ata 6 and Ata8 may be the enzymes responsible for these methylations. Nevertheless, despite these sequence homologies, further molecular and biochemical analysis is necessary to determine the role of these putative proteins in the A201A biosynthetic pathway and the specific order of events that take place."
BGC0000873,BGC0000873|c1|26580-27410|+|CAD62202.1|Ata8_protein|CAD62202.1,MTTDRFIAHDTGSGADIASEVVATDVGALALPRDDGMMLPWFRRHGWWEPHESRLVESLLYPGDTFVDVGAHIGYHTLRALRRVGPAGAVFAIEPWAPLRDLLRRNVAANVPELAGALSVVEGAAWHTDMPLRLRLDPRGNTGDSRVGTSGGPLEVPGVRLGGLAELRARRPALIKTDIQGRDHHALTGLADLLLRDRPHVLCEFWPHGIRDDGSDPAEVLRLYRSWGYEPKLVREAYACPEFHACVLSHRDDAEYIALAEQSRGGFATLWLCPRP,mibig,Saccharothrix mutabilis,Other:unknown,CAD62202.1,A-201A,27731336,10.1038/ja.2016.123,ata8,"unknown function, predicted to O-methylate glycoside residues",predicted,no,yes,"Besides AtaP5, a putative SAM-dependent methyltransferase that could dimethylate N6 of the A201A aminonucleoside moiety, three other putative methyltransferases are also found in the ata cluster: Ata6 (350 residues), Ata8 (276 residues) and Ata11 (236 residues). As Ata11 exhibited some sequence similarity to Hyg6 of the hygromycin A gene cluster (38% identity and 50% similarity over a 140-amino acid overlap), it would presumably be related with p-coumaric acid methylation which occurs in both these antibiotic structures. In addition, and given that the two glycoside residues in A201A are O-methylated, Ata 6 and Ata8 may be the enzymes responsible for these methylations. Nevertheless, despite these sequence homologies, further molecular and biochemical analysis is necessary to determine the role of these putative proteins in the A201A biosynthetic pathway and the specific order of events that take place."
BGC0000873,BGC0000873|c1|30325-31035|+|CAD62205.1|Ata11_protein|CAD62205.1,MTDRETASRLTPTWGWWEPGTVELMRRMVTPGSLVFDVGAHVGYYTTLLADLVGPTGRVHAFEPHPGNFQAMRGNTEALPNVTITNTAVADGAGARPLHFSGNTGRHSLFRTEFTGEAGRAVEVPTTTLSEYWERLGRPRVDLIKVDVEGAEPLVIAGARELLAANPDVLVITEYYPRNLRWGGSDEHHYLELLRRSGLTCQTIDDDGGLRPDLPSLQGDDYVNLLCRRDGPADPR,mibig,Saccharothrix mutabilis,Other:unknown,CAD62205.1,A-201A,27731337,10.1038/ja.2016.124,ata11,"unknown function, predicted to methylate p-coumaric acid",predicted,no,yes,"Besides AtaP5, a putative SAM-dependent methyltransferase that could dimethylate N6 of the A201A aminonucleoside moiety, three other putative methyltransferases are also found in the ata cluster: Ata6 (350 residues), Ata8 (276 residues) and Ata11 (236 residues). As Ata11 exhibited some sequence similarity to Hyg6 of the hygromycin A gene cluster (38% identity and 50% similarity over a 140-amino acid overlap), it would presumably be related with p-coumaric acid methylation which occurs in both these antibiotic structures. In addition, and given that the two glycoside residues in A201A are O-methylated, Ata 6 and Ata8 may be the enzymes responsible for these methylations. Nevertheless, despite these sequence homologies, further molecular and biochemical analysis is necessary to determine the role of these putative proteins in the A201A biosynthetic pathway and the specific order of events that take place."
BGC0000873,BGC0000873|c1|30325-31035|+|CAD62205.1|Ata11_protein|CAD62205.1,MTDRETASRLTPTWGWWEPGTVELMRRMVTPGSLVFDVGAHVGYYTTLLADLVGPTGRVHAFEPHPGNFQAMRGNTEALPNVTITNTAVADGAGARPLHFSGNTGRHSLFRTEFTGEAGRAVEVPTTTLSEYWERLGRPRVDLIKVDVEGAEPLVIAGARELLAANPDVLVITEYYPRNLRWGGSDEHHYLELLRRSGLTCQTIDDDGGLRPDLPSLQGDDYVNLLCRRDGPADPR,mibig,Saccharothrix mutabilis,Other:unknown,CAD62205.1,A-201A,27731337,10.1038/ja.2016.124,ata11,"unknown function, predicted to methylate p-coumaric acid",predicted,no,yes,"Besides AtaP5, a putative SAM-dependent methyltransferase that could dimethylate N6 of the A201A aminonucleoside moiety, three other putative methyltransferases are also found in the ata cluster: Ata6 (350 residues), Ata8 (276 residues) and Ata11 (236 residues). As Ata11 exhibited some sequence similarity to Hyg6 of the hygromycin A gene cluster (38% identity and 50% similarity over a 140-amino acid overlap), it would presumably be related with p-coumaric acid methylation which occurs in both these antibiotic structures. In addition, and given that the two glycoside residues in A201A are O-methylated, Ata 6 and Ata8 may be the enzymes responsible for these methylations. Nevertheless, despite these sequence homologies, further molecular and biochemical analysis is necessary to determine the role of these putative proteins in the A201A biosynthetic pathway and the specific order of events that take place."
BGC0000333,BGC0000333|c1|8739-9530|+|Sare_4554|methyltransferase_FkbM_family|ABW00323.1,MTMTGSRTIVPRRLRLPDGRQVWCTRPAEALLMWREISSDGFYRRGVRQLRPGGVVLDIGANVGLVSVALAAENPGVRIIAAEPVPDTFECLRANFEQHVPGGVAVRTAVAATAGTQQLTYYPDAPGNSGLYADRQADDALTRTFMRNGGMDDEEIDLLIEGLHEGRTIEVPVTTVSGLLRQHGVERVALLKVDVERAELDVLRGVEAADWARIGAVVAEVHDEQGRLTEFCGLLHAAGLSTETRQDPSLDGTELFEVYGDRS,mibig,Salinispora arenicola CNS-205,NRP:unknown,Sare_4554,cyclomarin D,18331040,10.1021/ja711188x,cymP,O-methylation of β-hydroxytryptophan,predicted,no,yes,bioinformatics only
BGC0000291,BGC0000291|c1|96241-97029|+|AAZ23082.1|possible_O-methyltransferase|AAZ23082.1,MTIALADVEGLNQHETEFLYDEIFTRRAYLPEALHLPEAPVVFDVGANIGMFTLFVRSERPGATVHSFEPVPPVRDILCRNRERHAVAGLVHPYGLAEAEQEVEFTHYPGYSTMSTRSTLADTEAERAFVRGQVRTADLPEAERMLDELLAFRFREEKVTCRLRPLSAVLDEHPVDRIDLLKIDVQRGEREVLRGLEDRHWPLVRQIAMEVHDSPGGSTAGRLRAVADELERRGFDVLTEQEDRYAGTDRHSVFAVAEPRRG,mibig,Streptomyces fradiae,NRP:unknown,AAZ23082.1,A54145,16208464,10.1007/s10295-005-0028-5,lptK,O-methylation of Asp,predicted,no,yes,lipopeptide antibiotic
BGC0001040,BGC0001040|c1|97622-98404|+|CAA60470.1|methyltransferase|CAA60470.1,MSASVQTIKLPYGRPSAHVNPGEAQFLYQEIFAERCYLRRGLELRAGDVVFDVGANIGMFSLFAHLECPDVTVHAFEPAPVPYAALRANAERYAIAGRFEQCAVSDVAGRGKMTFYTDTTMMSGFHPDPATRAELLRRLAINGGYSAEAADRMLAELPDTSQVIETSVVRLSDVIAERGITSIGLLKIDVEKNERHVMAGIDAGDWPRIRQVVTEVHDIDGRLDEVLTLLRGQGFTVLSEQEPLFAGTDIYQVVARRGDA,mibig,Streptomyces rapamycinicus NRRL 5491,"NRP:unknown, Polyketide:unknown",CAA60470.1,rapamycin,20588302,10.1038/ja.2010.71,rapI,C39-hydroxylation of rapamycin,predicted,yes,yes,long-studied
